pair,alert_ts,fill_ts,exit_ts,session,direction,event,entry_zone,entry,sl_initial,tp1,tp2,tp1_rr,tp2_rr,exit_reason,exit_price,r_realised,r_if_exit_tp1,r_if_exit_tp2,pnl_usd,mfe_r,mae_r,bars_to_exit,bars_to_tp1,bars_to_tp2,ob_age_h1_bars,pd_zone,score,structure_pts,sweep_pts,fvg_pts,freshness_pts,killzone_pts,confluences_present,sl_collision,model,ob_timestamp,bos_tag,bos_tier,fvg_present,sweep_present,news_blocked,news_event_title,news_event_currency,news_event_source,news_event_ts,ist_blocked,alert_utc_hour,bias,killzone_blocked,killzone_windows
EURUSD,2026-03-04T10:00:00+00:00,2026-03-04T10:00:00+00:00,2026-03-05T03:00:00+00:00,London,bullish,Minor BOS,proximal,1.16198,1.15989,1.16577,1.16659,1.82,2.21,sl,1.16198,0.0,1.82,0.0,0.0,1.815,-0.323,17,1,-1,2,equilibrium,3.5,1.5,0.0,0.0,1.5,0.5,"structure,freshness,killzone",False,h1_only,2026-03-04T08:00:00+00:00,BOS,Minor,False,False,False,,,,,False,10,LONG,False,07:00-16:30 UTC
EURUSD,2026-03-04T10:00:00+00:00,2026-03-05T04:00:00+00:00,2026-03-05T05:00:00+00:00,London,bullish,Minor BOS,50pct,1.16104,1.15989,1.16577,1.16659,4.113,4.826,sl,1.15989,-1.0,-1.0,-1.0,-250.0,0.7,-1.058,1,-1,-1,2,discount,3.5,1.5,0.0,0.0,1.5,0.5,"structure,freshness,killzone",False,h1_only,2026-03-04T08:00:00+00:00,BOS,Minor,False,False,False,,,,,False,10,LONG,False,07:00-16:30 UTC
EURUSD,2026-03-04T13:00:00+00:00,2026-03-04T13:00:00+00:00,2026-03-04T14:00:00+00:00,NY,bullish,Minor BOS,proximal,1.16509,1.16286,1.17096,1.17495,2.63,4.41,sl,1.16286,-1.0,-1.0,-1.0,-250.0,0.123,-1.092,1,-1,-1,1,premium,3.5,1.5,0.0,0.0,1.5,0.5,"structure,freshness,killzone",False,h1_only,2026-03-04T12:00:00+00:00,BOS,Minor,False,False,False,,,,,False,13,LONG,False,07:00-16:30 UTC
EURUSD,2026-03-04T13:00:00+00:00,2026-03-04T13:00:00+00:00,2026-03-04T14:00:00+00:00,NY,bullish,Minor BOS,50pct,1.16408,1.16286,1.17096,1.17495,5.639,8.91,sl,1.16286,-1.0,-1.0,-1.0,-250.0,1.054,-1.168,1,-1,-1,1,premium,3.5,1.5,0.0,0.0,1.5,0.5,"structure,freshness,killzone",False,h1_only,2026-03-04T12:00:00+00:00,BOS,Minor,False,False,False,,,,,False,13,LONG,False,07:00-16:30 UTC
EURUSD,2026-03-09T15:00:00+00:00,2026-03-11T15:00:00+00:00,2026-03-11T15:00:00+00:00,NY,bullish,Minor BOS,proximal,1.15714,1.1552,1.16063,1.16158,1.8,2.29,window_end,1.1570056676864624,-0.069,-0.069,-0.069,-17.25,0.76,-0.069,0,-1,-1,3,discount,3.5,1.5,0.0,0.0,1.5,0.5,"structure,freshness,killzone",False,h1_only,2026-03-09T12:00:00+00:00,BOS,Minor,False,False,False,,,,,False,15,LONG,False,07:00-16:30 UTC
EURUSD,2026-03-09T15:00:00+00:00,,,NY,bullish,Minor BOS,50pct,1.15627,1.1552,1.16063,1.16158,4.075,4.963,never_filled,,0.0,0.0,0.0,0.0,0.0,0.0,0,-1,-1,3,discount,3.5,1.5,0.0,0.0,1.5,0.5,"structure,freshness,killzone",False,h1_only,2026-03-09T12:00:00+00:00,BOS,Minor,False,False,False,,,,,False,15,LONG,False,07:00-16:30 UTC
EURUSD,2026-03-09T19:00:00+00:00,2026-03-09T19:00:00+00:00,2026-03-09T19:00:00+00:00,NY,bullish,Minor BOS,proximal,1.15875,1.15774,1.16063,1.16158,1.87,2.81,tp2,1.16158,2.802,1.87,2.81,700.5,4.67,-0.799,0,0,0,1,discount,3.0,1.5,0.0,0.0,1.5,0.0,"structure,freshness",False,h1_only,2026-03-09T18:00:00+00:00,BOS,Minor,False,False,False,,,,,True,19,LONG,True,07:00-16:30 UTC
EURUSD,2026-03-09T19:00:00+00:00,2026-03-09T19:00:00+00:00,2026-03-09T19:00:00+00:00,NY,bullish,Minor BOS,50pct,1.15835,1.15774,1.16063,1.16158,3.738,5.295,tp2,1.16158,5.295,3.738,5.295,1323.75,8.389,-0.666,0,0,0,1,discount,3.0,1.5,0.0,0.0,1.5,0.0,"structure,freshness",False,h1_only,2026-03-09T18:00:00+00:00,BOS,Minor,False,False,False,,,,,True,19,LONG,True,07:00-16:30 UTC
EURUSD,2026-03-09T23:00:00+00:00,2026-03-09T23:00:00+00:00,2026-03-09T23:00:00+00:00,Other,bullish,Minor BOS,proximal,1.16482,1.16246,1.17096,1.17495,2.59,4.28,sl,1.16246,-1.0,-1.0,-1.0,-250.0,0.0,-1.261,0,-1,-1,1,premium,3.0,1.5,0.0,0.0,1.5,0.0,"structure,freshness",False,h1_only,2026-03-09T22:00:00+00:00,BOS,Minor,False,False,False,,,,,True,23,LONG,True,07:00-16:30 UTC
EURUSD,2026-03-09T23:00:00+00:00,2026-03-09T23:00:00+00:00,2026-03-09T23:00:00+00:00,Other,bullish,Minor BOS,50pct,1.16374,1.16246,1.17096,1.17495,5.641,8.758,sl,1.16246,-1.0,-1.0,-1.0,-250.0,0.0,-1.48,0,-1,-1,1,premium,3.0,1.5,0.0,0.0,1.5,0.0,"structure,freshness",False,h1_only,2026-03-09T22:00:00+00:00,BOS,Minor,False,False,False,,,,,True,23,LONG,True,07:00-16:30 UTC
EURUSD,2026-03-10T00:00:00+00:00,2026-03-10T00:00:00+00:00,2026-03-10T00:00:00+00:00,Asia,bullish,Minor BOS,proximal,1.16347,1.16164,1.16659,1.167,1.71,1.94,sl,1.16164,-1.0,-1.0,-1.0,-250.0,0.22,-1.035,0,-1,-1,1,premium,3.0,1.5,0.0,0.0,1.5,0.0,"structure,freshness",False,h1_only,2026-03-09T23:00:00+00:00,BOS,Minor,False,False,False,,,,,True,0,LONG,True,07:00-16:30 UTC
EURUSD,2026-03-10T00:00:00+00:00,2026-03-10T00:00:00+00:00,2026-03-10T00:00:00+00:00,Asia,bullish,Minor BOS,50pct,1.16266,1.16164,1.16659,1.167,3.853,4.255,sl,1.16164,-1.0,-1.0,-1.0,-250.0,1.19,-1.064,0,-1,-1,1,equilibrium,3.0,1.5,0.0,0.0,1.5,0.0,"structure,freshness",False,h1_only,2026-03-09T23:00:00+00:00,BOS,Minor,False,False,False,,,,,True,0,LONG,True,07:00-16:30 UTC
EURUSD,2026-03-10T09:00:00+00:00,2026-03-10T09:00:00+00:00,2026-03-10T10:00:00+00:00,London,bullish,Minor BOS,proximal,1.16632,1.16449,1.17096,1.17495,2.54,4.72,sl,1.16449,-1.0,-1.0,-1.0,-250.0,0.0,-2.15,1,-1,-1,1,premium,3.5,1.5,0.0,0.0,1.5,0.5,"structure,freshness,killzone",False,h1_only,2026-03-10T08:00:00+00:00,BOS,Minor,False,False,False,,,,,False,9,LONG,False,07:00-16:30 UTC
EURUSD,2026-03-10T09:00:00+00:00,2026-03-10T09:00:00+00:00,2026-03-10T10:00:00+00:00,London,bullish,Minor BOS,50pct,1.1655,1.16449,1.17096,1.17495,5.406,9.356,sl,1.16449,-1.0,-1.0,-1.0,-250.0,0.674,-3.084,1,-1,-1,1,premium,3.5,1.5,0.0,0.0,1.5,0.5,"structure,freshness,killzone",False,h1_only,2026-03-10T08:00:00+00:00,BOS,Minor,False,False,False,,,,,False,9,LONG,False,07:00-16:30 UTC
EURUSD,2026-03-16T13:00:00+00:00,2026-03-16T13:00:00+00:00,2026-03-17T01:00:00+00:00,NY,bullish,Minor BOS,proximal,1.14916,1.14738,1.15247,1.15274,1.86,2.01,sl,1.14916,0.0,1.86,0.0,0.0,2.01,-0.666,12,5,-1,1,discount,3.5,1.5,0.0,0.0,1.5,0.5,"structure,freshness,killzone",False,h1_only,2026-03-16T12:00:00+00:00,BOS,Minor,False,False,False,,,,,False,13,LONG,False,07:00-16:30 UTC
EURUSD,2026-03-16T13:00:00+00:00,2026-03-16T13:00:00+00:00,2026-03-17T05:00:00+00:00,NY,bullish,Minor BOS,50pct,1.14837,1.14738,1.15247,1.15274,4.141,4.414,sl,1.14837,0.0,4.141,0.0,0.0,4.412,-0.4,16,5,-1,1,discount,3.5,1.5,0.0,0.0,1.5,0.5,"structure,freshness,killzone",False,h1_only,2026-03-16T12:00:00+00:00,BOS,Minor,False,False,False,,,,,False,13,LONG,False,07:00-16:30 UTC
EURUSD,2026-03-16T18:00:00+00:00,2026-03-16T18:00:00+00:00,2026-03-17T01:00:00+00:00,NY,bullish,Minor BOS,proximal,1.15075,1.14923,1.15327,1.15447,1.66,2.44,sl,1.14923,-1.0,-1.0,-1.0,-250.0,1.308,-1.132,7,-1,-1,1,discount,3.5,1.5,0.0,0.0,1.5,0.5,"structure,freshness,killzone",False,h1_only,2026-03-16T17:00:00+00:00,BOS,Minor,False,False,False,,,,,False,18,LONG,True,07:00-16:30 UTC
EURUSD,2026-03-16T18:00:00+00:00,2026-03-16T18:00:00+00:00,2026-03-17T01:00:00+00:00,NY,bullish,Minor BOS,50pct,1.15009,1.14923,1.15327,1.15447,3.698,5.093,sl,1.14923,-1.0,-1.0,-1.0,-250.0,3.079,-1.234,7,-1,-1,1,discount,3.5,1.5,0.0,0.0,1.5,0.5,"structure,freshness,killzone",False,h1_only,2026-03-16T17:00:00+00:00,BOS,Minor,False,False,False,,,,,False,18,LONG,True,07:00-16:30 UTC
EURUSD,2026-03-17T08:00:00+00:00,2026-03-17T08:00:00+00:00,2026-03-17T18:00:00+00:00,London,bullish,Minor BOS,proximal,1.15022,1.14804,1.15447,1.15473,1.95,2.07,tp2,1.15473,2.069,1.95,2.07,517.25,2.254,-0.486,10,10,10,3,discount,4.7,1.5,0.0,1.2,1.5,0.5,"structure,fvg,freshness,killzone",False,h1_only,2026-03-17T05:00:00+00:00,BOS,Minor,True,False,False,,,,,False,8,LONG,False,07:00-16:30 UTC
EURUSD,2026-03-17T08:00:00+00:00,2026-03-17T08:00:00+00:00,2026-03-17T18:00:00+00:00,London,bullish,Minor BOS,50pct,1.14923,1.14804,1.15447,1.15473,4.403,4.622,tp2,1.15473,4.622,4.403,4.622,1155.5,4.962,-0.058,10,10,10,3,discount,4.7,1.5,0.0,1.2,1.5,0.5,"structure,fvg,freshness,killzone",False,h1_only,2026-03-17T05:00:00+00:00,BOS,Minor,True,False,False,,,,,False,8,LONG,False,07:00-16:30 UTC
EURUSD,2026-03-17T12:00:00+00:00,2026-03-17T12:00:00+00:00,2026-03-17T18:00:00+00:00,London,bullish,Minor BOS,proximal,1.15181,1.15055,1.15447,1.15473,2.11,2.32,tp2,1.15473,2.317,2.11,2.32,579.25,2.639,-0.843,6,6,6,2,discount,3.5,1.5,0.0,0.0,1.5,0.5,"structure,freshness,killzone",False,h1_only,2026-03-17T10:00:00+00:00,BOS,Minor,False,False,False,,,,,False,12,LONG,False,07:00-16:30 UTC
EURUSD,2026-03-17T12:00:00+00:00,2026-03-17T12:00:00+00:00,2026-03-17T18:00:00+00:00,London,bullish,Minor BOS,50pct,1.15128,1.15055,1.15447,1.15473,4.37,4.726,tp2,1.15473,4.726,4.37,4.726,1181.5,5.28,-0.729,6,6,6,2,discount,3.5,1.5,0.0,0.0,1.5,0.5,"structure,freshness,killzone",False,h1_only,2026-03-17T10:00:00+00:00,BOS,Minor,False,False,False,,,,,False,12,LONG,False,07:00-16:30 UTC
EURUSD,2026-03-19T13:00:00+00:00,2026-03-19T13:00:00+00:00,2026-03-19T14:00:00+00:00,NY,bullish,Minor BOS,proximal,1.14811,1.14685,1.15048,1.15247,1.9,3.48,tp2,1.15247,3.46,1.9,3.48,865.0,3.778,-0.422,1,0,1,3,discount,4.5,1.5,1.0,0.0,1.5,0.5,"structure,sweep,freshness,killzone",False,h1_only,2026-03-19T10:00:00+00:00,BOS,Minor,False,True,False,,,,,False,13,LONG,False,07:00-16:30 UTC
EURUSD,2026-03-19T13:00:00+00:00,2026-03-19T13:00:00+00:00,2026-03-19T14:00:00+00:00,NY,bullish,Minor BOS,50pct,1.14758,1.14685,1.15048,1.15247,3.973,6.699,tp2,1.15247,6.699,3.973,6.699,1674.75,7.247,-0.002,1,0,1,3,discount,4.5,1.5,1.0,0.0,1.5,0.5,"structure,sweep,freshness,killzone",False,h1_only,2026-03-19T10:00:00+00:00,BOS,Minor,False,True,False,,,,,False,13,LONG,False,07:00-16:30 UTC
EURUSD,2026-03-24T21:00:00+00:00,2026-03-25T13:00:00+00:00,2026-03-25T16:00:00+00:00,Other,bullish,Minor BOS,proximal,1.15861,1.15614,1.16252,1.16279,1.58,1.69,sl,1.15614,-1.0,-1.0,-1.0,-250.0,0.6,-1.083,3,-1,-1,4,discount,5.2,1.5,1.0,1.2,1.5,0.0,"structure,sweep,fvg,freshness",False,h1_only,2026-03-24T17:00:00+00:00,BOS,Minor,True,True,False,,,,,True,21,LONG,True,07:00-16:30 UTC
EURUSD,2026-03-24T21:00:00+00:00,2026-03-25T14:00:00+00:00,2026-03-25T16:00:00+00:00,Other,bullish,Minor BOS,50pct,1.15748,1.15614,1.16252,1.16279,3.761,3.963,sl,1.15614,-1.0,-1.0,-1.0,-250.0,1.247,-1.153,2,-1,-1,4,discount,5.2,1.5,1.0,1.2,1.5,0.0,"structure,sweep,fvg,freshness",False,h1_only,2026-03-24T17:00:00+00:00,BOS,Minor,True,True,False,,,,,True,21,LONG,True,07:00-16:30 UTC
USDJPY,2026-03-02T01:00:00+00:00,2026-03-02T02:00:00+00:00,2026-03-02T05:00:00+00:00,Asia,bullish,Minor BOS,proximal,156.193,155.993,156.54,156.782,1.74,2.95,tp2,156.782,2.945,1.74,2.95,736.25,3.33,-0.225,3,2,3,3,discount,3.6,1.5,0.0,0.6,1.5,0.0,"structure,fvg,freshness",False,h1_only,2026-02-27T21:00:00+00:00,BOS,Minor,True,False,False,,,,,True,1,LONG,False,"00:00-05:00 UTC, 12:30-16:30 UTC"
USDJPY,2026-03-02T01:00:00+00:00,,,Asia,bullish,Minor BOS,50pct,156.103,155.993,156.54,156.782,3.973,6.173,never_filled,,0.0,0.0,0.0,0.0,0.0,0.0,0,-1,-1,3,discount,3.6,1.5,0.0,0.6,1.5,0.0,"structure,fvg,freshness",False,h1_only,2026-02-27T21:00:00+00:00,BOS,Minor,True,False,False,,,,,True,1,LONG,False,"00:00-05:00 UTC, 12:30-16:30 UTC"
USDJPY,2026-03-02T12:00:00+00:00,2026-03-02T12:00:00+00:00,2026-03-02T13:00:00+00:00,London,bullish,Minor BOS,proximal,157.016,156.771,157.415,157.598,1.63,2.38,tp2,157.598,2.376,1.63,2.38,594.0,2.404,-0.269,1,1,1,2,discount,3.5,1.5,0.0,0.0,1.5,0.5,"structure,freshness,killzone",False,h1_only,2026-03-02T10:00:00+00:00,BOS,Minor,False,False,False,,,,,False,12,LONG,True,"00:00-05:00 UTC, 12:30-16:30 UTC"
USDJPY,2026-03-02T12:00:00+00:00,2026-03-04T10:00:00+00:00,2026-03-04T12:00:00+00:00,London,bullish,Minor BOS,50pct,156.904,156.771,157.415,157.598,3.842,5.218,window_end,157.3040008544922,3.008,3.008,3.008,752.0,3.346,-0.459,2,-1,-1,2,discount,3.5,1.5,0.0,0.0,1.5,0.5,"structure,freshness,killzone",False,h1_only,2026-03-02T10:00:00+00:00,BOS,Minor,False,False,False,,,,,False,12,LONG,True,"00:00-05:00 UTC, 12:30-16:30 UTC"
USDJPY,2026-03-03T13:00:00+00:00,2026-03-03T13:00:00+00:00,2026-03-03T13:00:00+00:00,NY,bullish,Minor BOS,proximal,157.969,157.643,158.794,158.835,2.53,2.66,sl,157.643,-1.0,-1.0,-1.0,-250.0,0.0,-1.11,0,-1,-1,2,discount,3.5,1.5,0.0,0.0,1.5,0.5,"structure,freshness,killzone",False,h1_only,2026-03-03T11:00:00+00:00,BOS,Minor,False,False,False,,,,,False,13,LONG,False,"00:00-05:00 UTC, 12:30-16:30 UTC"
USDJPY,2026-03-03T13:00:00+00:00,2026-03-03T13:00:00+00:00,2026-03-03T13:00:00+00:00,NY,bullish,Minor BOS,50pct,157.816,157.643,158.794,158.835,5.653,5.89,sl,157.643,-1.0,-1.0,-1.0,-250.0,0.023,-1.208,0,-1,-1,2,discount,3.5,1.5,0.0,0.0,1.5,0.5,"structure,freshness,killzone",False,h1_only,2026-03-03T11:00:00+00:00,BOS,Minor,False,False,False,,,,,False,13,LONG,False,"00:00-05:00 UTC, 12:30-16:30 UTC"
USDJPY,2026-03-05T13:00:00+00:00,,,NY,bullish,Minor BOS,proximal,157.308,156.869,157.969,157.976,1.51,1.52,never_filled,,0.0,0.0,0.0,0.0,0.0,0.0,0,-1,-1,4,discount,4.7,1.5,0.0,1.2,1.5,0.5,"structure,fvg,freshness,killzone",False,h1_only,2026-03-05T09:00:00+00:00,BOS,Minor,True,False,False,,,,,False,13,LONG,False,"00:00-05:00 UTC, 12:30-16:30 UTC"
USDJPY,2026-03-05T13:00:00+00:00,,,NY,bullish,Minor BOS,50pct,157.099,156.869,157.969,157.976,3.783,3.813,never_filled,,0.0,0.0,0.0,0.0,0.0,0.0,0,-1,-1,4,discount,4.7,1.5,0.0,1.2,1.5,0.5,"structure,fvg,freshness,killzone",False,h1_only,2026-03-05T09:00:00+00:00,BOS,Minor,True,False,False,,,,,False,13,LONG,False,"00:00-05:00 UTC, 12:30-16:30 UTC"
USDJPY,2026-03-05T15:00:00+00:00,2026-03-05T15:00:00+00:00,2026-03-05T15:00:00+00:00,NY,bullish,Minor BOS,proximal,157.772,157.498,158.392,158.415,2.26,2.35,sl,157.498,-1.0,-1.0,-1.0,-250.0,0.029,-1.423,0,-1,-1,1,discount,3.5,1.5,0.0,0.0,1.5,0.5,"structure,freshness,killzone",False,h1_only,2026-03-05T14:00:00+00:00,BOS,Minor,False,False,False,,,,,False,15,LONG,False,"00:00-05:00 UTC, 12:30-16:30 UTC"
USDJPY,2026-03-05T15:00:00+00:00,2026-03-05T15:00:00+00:00,2026-03-05T15:00:00+00:00,NY,bullish,Minor BOS,50pct,157.645,157.498,158.392,158.415,5.082,5.238,sl,157.498,-1.0,-1.0,-1.0,-250.0,0.918,-1.789,0,-1,-1,1,discount,3.5,1.5,0.0,0.0,1.5,0.5,"structure,freshness,killzone",False,h1_only,2026-03-05T14:00:00+00:00,BOS,Minor,False,False,False,,,,,False,15,LONG,False,"00:00-05:00 UTC, 12:30-16:30 UTC"
USDJPY,2026-03-06T02:00:00+00:00,2026-03-06T02:00:00+00:00,2026-03-06T11:00:00+00:00,Asia,bullish,Minor BOS,proximal,157.566,157.349,157.9,157.93,1.54,1.68,tp2,157.93,1.677,1.54,1.68,419.25,1.959,-0.585,9,9,9,2,discount,4.5,1.5,1.5,0.0,1.5,0.0,"structure,sweep,freshness",False,h1_only,2026-03-06T00:00:00+00:00,BOS,Minor,False,True,False,,,,,True,2,LONG,False,"00:00-05:00 UTC, 12:30-16:30 UTC"
USDJPY,2026-03-06T02:00:00+00:00,2026-03-06T02:00:00+00:00,2026-03-06T11:00:00+00:00,Asia,bullish,Minor BOS,50pct,157.467,157.349,157.9,157.93,3.669,3.924,tp2,157.93,3.924,3.669,3.924,981.0,4.441,-0.237,9,9,9,2,discount,4.5,1.5,1.5,0.0,1.5,0.0,"structure,sweep,freshness",False,h1_only,2026-03-06T00:00:00+00:00,BOS,Minor,False,True,False,,,,,True,2,LONG,False,"00:00-05:00 UTC, 12:30-16:30 UTC"
USDJPY,2026-03-06T07:00:00+00:00,2026-03-06T08:00:00+00:00,2026-03-06T09:00:00+00:00,London,bullish,Major BOS,proximal,157.512,157.438,157.655,157.753,1.93,3.26,tp2,157.753,3.257,1.93,3.26,814.25,5.122,-0.243,1,0,1,4,discount,6.6,2.5,1.5,0.6,1.5,0.5,"structure,sweep,fvg,freshness,killzone",False,h1_only,2026-03-06T03:00:00+00:00,BOS,Major,True,True,False,,,,,False,7,LONG,True,"00:00-05:00 UTC, 12:30-16:30 UTC"
USDJPY,2026-03-06T07:00:00+00:00,2026-03-06T13:00:00+00:00,2026-03-06T13:00:00+00:00,London,bullish,Major BOS,50pct,157.485,157.438,157.655,157.753,3.617,5.702,sl_collision,157.438,-1.0,3.617,5.702,-250.0,11.021,-2.83,0,0,0,4,discount,6.6,2.5,1.5,0.6,1.5,0.5,"structure,sweep,fvg,freshness,killzone",True,h1_only,2026-03-06T03:00:00+00:00,BOS,Major,True,True,False,,,,,False,7,LONG,True,"00:00-05:00 UTC, 12:30-16:30 UTC"
USDJPY,2026-03-09T00:00:00+00:00,2026-03-09T19:00:00+00:00,2026-03-09T19:00:00+00:00,Asia,bullish,Major BOS,proximal,157.91,157.739,158.392,158.415,2.82,2.95,sl_collision,157.739,-1.0,2.82,-1.0,-250.0,2.953,-1.62,0,0,-1,1,discount,6.5,2.5,2.5,0.0,1.5,0.0,"structure,sweep,freshness",True,h1_only,2026-03-06T21:00:00+00:00,BOS,Major,False,True,False,,,,,True,0,LONG,False,"00:00-05:00 UTC, 12:30-16:30 UTC"
USDJPY,2026-03-09T00:00:00+00:00,2026-03-09T19:00:00+00:00,2026-03-09T19:00:00+00:00,Asia,bullish,Major BOS,50pct,157.835,157.739,158.392,158.415,5.802,6.042,sl_collision,157.739,-1.0,5.802,-1.0,-250.0,6.042,-2.104,0,0,-1,1,discount,6.5,2.5,2.5,0.0,1.5,0.0,"structure,sweep,freshness",True,h1_only,2026-03-06T21:00:00+00:00,BOS,Major,False,True,False,,,,,True,0,LONG,False,"00:00-05:00 UTC, 12:30-16:30 UTC"
USDJPY,2026-03-11T04:00:00+00:00,2026-03-11T04:00:00+00:00,2026-03-11T04:00:00+00:00,Asia,bullish,Minor BOS,proximal,158.306,158.142,158.794,158.835,2.98,3.23,sl,158.142,-1.0,-1.0,-1.0,-250.0,0.0,-1.317,0,-1,-1,1,discount,3.0,1.5,0.0,0.0,1.5,0.0,"structure,freshness",False,h1_only,2026-03-11T03:00:00+00:00,BOS,Minor,False,False,False,,,,,False,4,LONG,False,"00:00-05:00 UTC, 12:30-16:30 UTC"
USDJPY,2026-03-11T04:00:00+00:00,2026-03-11T04:00:00+00:00,2026-03-11T04:00:00+00:00,Asia,bullish,Minor BOS,50pct,158.234,158.142,158.794,158.835,6.087,6.533,sl,158.142,-1.0,-1.0,-1.0,-250.0,0.228,-1.565,0,-1,-1,1,discount,3.0,1.5,0.0,0.0,1.5,0.0,"structure,freshness",False,h1_only,2026-03-11T03:00:00+00:00,BOS,Minor,False,False,False,,,,,False,4,LONG,False,"00:00-05:00 UTC, 12:30-16:30 UTC"
USDJPY,2026-03-11T11:00:00+00:00,2026-03-11T11:00:00+00:00,2026-03-11T17:00:00+00:00,London,bullish,Major BOS,proximal,158.486,158.223,158.898,158.954,1.57,1.78,tp2,158.954,1.779,1.57,1.78,444.75,1.867,-0.939,6,6,6,1,discount,4.5,1.0,1.5,0.0,1.5,0.5,"structure,sweep,freshness,killzone",False,h1_only,2026-03-11T10:00:00+00:00,BOS,Major,False,True,False,,,,,False,11,LONG,True,"00:00-05:00 UTC, 12:30-16:30 UTC"
USDJPY,2026-03-11T11:00:00+00:00,2026-03-11T11:00:00+00:00,2026-03-11T17:00:00+00:00,London,bullish,Major BOS,50pct,158.364,158.223,158.898,158.954,3.787,4.184,tp2,158.954,4.184,3.787,4.184,1046.0,4.348,-0.887,6,6,6,1,discount,4.5,1.0,1.5,0.0,1.5,0.5,"structure,sweep,freshness,killzone",False,h1_only,2026-03-11T10:00:00+00:00,BOS,Major,False,True,False,,,,,False,11,LONG,True,"00:00-05:00 UTC, 12:30-16:30 UTC"
USDJPY,2026-03-18T12:00:00+00:00,2026-03-18T12:00:00+00:00,2026-03-18T12:00:00+00:00,London,bullish,Minor BOS,proximal,159.049,158.868,159.355,159.386,1.69,1.86,tp2,159.386,1.862,1.69,1.86,465.5,2.343,-0.547,0,0,0,3,premium,3.5,1.5,0.0,0.0,1.5,0.5,"structure,freshness,killzone",False,h1_only,2026-03-18T09:00:00+00:00,BOS,Minor,False,False,False,,,,,False,12,LONG,True,"00:00-05:00 UTC, 12:30-16:30 UTC"
USDJPY,2026-03-18T12:00:00+00:00,2026-03-18T12:00:00+00:00,2026-03-18T12:00:00+00:00,London,bullish,Minor BOS,50pct,158.968,158.868,159.355,159.386,3.87,4.18,tp2,159.386,4.18,3.87,4.18,1045.0,5.05,-0.18,0,0,0,3,premium,3.5,1.5,0.0,0.0,1.5,0.5,"structure,freshness,killzone",False,h1_only,2026-03-18T09:00:00+00:00,BOS,Minor,False,False,False,,,,,False,12,LONG,True,"00:00-05:00 UTC, 12:30-16:30 UTC"
USDJPY,2026-03-18T15:00:00+00:00,2026-03-18T15:00:00+00:00,2026-03-18T15:00:00+00:00,NY,bullish,Minor BOS,proximal,159.532,159.392,159.749,159.804,1.55,1.94,sl,159.392,-1.0,-1.0,-1.0,-250.0,0.0,-1.214,0,-1,-1,1,premium,3.5,1.5,0.0,0.0,1.5,0.5,"structure,freshness,killzone",False,h1_only,2026-03-18T14:00:00+00:00,BOS,Minor,False,False,False,,,,,False,15,LONG,False,"00:00-05:00 UTC, 12:30-16:30 UTC"
USDJPY,2026-03-18T15:00:00+00:00,2026-03-18T15:00:00+00:00,2026-03-18T15:00:00+00:00,NY,bullish,Minor BOS,50pct,159.472,159.392,159.749,159.804,3.462,4.15,sl,159.392,-1.0,-1.0,-1.0,-250.0,0.3,-1.375,0,-1,-1,1,premium,3.5,1.5,0.0,0.0,1.5,0.5,"structure,freshness,killzone",False,h1_only,2026-03-18T14:00:00+00:00,BOS,Minor,False,False,False,,,,,False,15,LONG,False,"00:00-05:00 UTC, 12:30-16:30 UTC"
USDJPY,2026-03-18T18:00:00+00:00,2026-03-18T18:00:00+00:00,2026-03-18T18:00:00+00:00,NY,bullish,Minor BOS,proximal,159.541,159.337,159.857,159.901,1.55,1.76,sl,159.337,-1.0,-1.0,-1.0,-250.0,0.931,-1.461,0,-1,-1,1,premium,3.5,1.5,0.0,0.0,1.5,0.5,"structure,freshness,killzone",False,h1_only,2026-03-18T17:00:00+00:00,BOS,Minor,False,False,False,,,,,False,18,LONG,True,"00:00-05:00 UTC, 12:30-16:30 UTC"
USDJPY,2026-03-18T18:00:00+00:00,2026-03-18T18:00:00+00:00,2026-03-18T18:00:00+00:00,NY,bullish,Minor BOS,50pct,159.449,159.337,159.857,159.901,3.643,4.036,sl,159.337,-1.0,-1.0,-1.0,-250.0,2.518,-1.839,0,-1,-1,1,premium,3.5,1.5,0.0,0.0,1.5,0.5,"structure,freshness,killzone",False,h1_only,2026-03-18T17:00:00+00:00,BOS,Minor,False,False,False,,,,,False,18,LONG,True,"00:00-05:00 UTC, 12:30-16:30 UTC"
USDJPY,2026-03-23T00:00:00+00:00,2026-03-23T00:00:00+00:00,2026-03-23T00:00:00+00:00,Asia,bullish,Minor BOS,proximal,159.332,159.165,159.584,159.639,1.51,1.84,sl,159.165,-1.0,-1.0,-1.0,-250.0,1.144,-1.97,0,-1,-1,2,premium,3.0,1.5,0.0,0.0,1.5,0.0,"structure,freshness",False,h1_only,2026-03-20T20:00:00+00:00,BOS,Minor,False,False,False,,,,,True,0,LONG,False,"00:00-05:00 UTC, 12:30-16:30 UTC"
USDJPY,2026-03-23T00:00:00+00:00,2026-03-23T00:00:00+00:00,2026-03-23T00:00:00+00:00,Asia,bullish,Minor BOS,50pct,159.258,159.165,159.584,159.639,3.505,4.097,sl,159.165,-1.0,-1.0,-1.0,-250.0,2.849,-2.742,0,-1,-1,2,premium,3.0,1.5,0.0,0.0,1.5,0.0,"structure,freshness",False,h1_only,2026-03-20T20:00:00+00:00,BOS,Minor,False,False,False,,,,,True,0,LONG,False,"00:00-05:00 UTC, 12:30-16:30 UTC"
USDJPY,2026-03-23T05:00:00+00:00,2026-03-23T05:00:00+00:00,2026-03-23T08:00:00+00:00,Asia,bullish,Minor BOS,proximal,159.464,159.316,159.695,159.749,1.56,1.93,sl,159.316,-1.0,-1.0,-1.0,-250.0,1.304,-1.128,3,-1,-1,1,premium,3.0,1.5,0.0,0.0,1.5,0.0,"structure,freshness",False,h1_only,2026-03-23T04:00:00+00:00,BOS,Minor,False,False,False,,,,,False,5,LONG,True,"00:00-05:00 UTC, 12:30-16:30 UTC"
USDJPY,2026-03-23T05:00:00+00:00,2026-03-23T05:00:00+00:00,2026-03-23T08:00:00+00:00,Asia,bullish,Minor BOS,50pct,159.4,159.316,159.695,159.749,3.512,4.155,sl,159.316,-1.0,-1.0,-1.0,-250.0,3.059,-1.226,3,-1,-1,1,premium,3.0,1.5,0.0,0.0,1.5,0.0,"structure,freshness",False,h1_only,2026-03-23T04:00:00+00:00,BOS,Minor,False,False,False,,,,,False,5,LONG,True,"00:00-05:00 UTC, 12:30-16:30 UTC"
USDJPY,2026-03-23T07:00:00+00:00,2026-03-23T07:00:00+00:00,2026-03-23T07:00:00+00:00,London,bullish,Minor BOS,proximal,159.657,159.437,160.414,160.442,3.44,3.57,sl,159.437,-1.0,-1.0,-1.0,-250.0,0.0,-1.291,0,-1,-1,1,premium,3.5,1.5,0.0,0.0,1.5,0.5,"structure,freshness,killzone",False,h1_only,2026-03-23T06:00:00+00:00,BOS,Minor,False,False,False,,,,,False,7,LONG,True,"00:00-05:00 UTC, 12:30-16:30 UTC"
USDJPY,2026-03-23T07:00:00+00:00,2026-03-23T07:00:00+00:00,2026-03-23T07:00:00+00:00,London,bullish,Minor BOS,50pct,159.557,159.437,160.414,160.442,7.142,7.375,sl,159.437,-1.0,-1.0,-1.0,-250.0,0.575,-1.533,0,-1,-1,1,premium,3.5,1.5,0.0,0.0,1.5,0.5,"structure,freshness,killzone",False,h1_only,2026-03-23T06:00:00+00:00,BOS,Minor,False,False,False,,,,,False,7,LONG,True,"00:00-05:00 UTC, 12:30-16:30 UTC"
USDJPY,2026-03-24T15:00:00+00:00,2026-03-24T15:00:00+00:00,2026-03-24T20:00:00+00:00,NY,bullish,Minor BOS,proximal,158.809,158.52,159.292,159.355,1.67,1.89,sl,158.52,-1.0,-1.0,-1.0,-250.0,1.318,-1.574,5,-1,-1,1,equilibrium,3.5,1.5,0.0,0.0,1.5,0.5,"structure,freshness,killzone",False,h1_only,2026-03-24T14:00:00+00:00,BOS,Minor,False,False,False,,,,,False,15,LONG,False,"00:00-05:00 UTC, 12:30-16:30 UTC"
USDJPY,2026-03-24T15:00:00+00:00,2026-03-24T15:00:00+00:00,2026-03-24T20:00:00+00:00,NY,bullish,Minor BOS,50pct,158.674,158.52,159.292,159.355,4.013,4.422,sl,158.52,-1.0,-1.0,-1.0,-250.0,3.351,-2.078,5,-1,-1,1,equilibrium,3.5,1.5,0.0,0.0,1.5,0.5,"structure,freshness,killzone",False,h1_only,2026-03-24T14:00:00+00:00,BOS,Minor,False,False,False,,,,,False,15,LONG,False,"00:00-05:00 UTC, 12:30-16:30 UTC"
USDJPY,2026-03-25T05:00:00+00:00,2026-03-25T08:00:00+00:00,2026-03-25T18:00:00+00:00,Asia,bullish,Minor BOS,proximal,158.835,158.541,159.292,159.355,1.55,1.77,tp2,159.355,1.769,1.55,1.77,442.25,2.088,-0.408,10,8,10,5,equilibrium,6.0,1.5,1.83,1.2,1.5,0.0,"structure,sweep,fvg,freshness",False,h1_only,2026-03-25T00:00:00+00:00,BOS,Minor,True,True,False,,,,,False,5,LONG,True,"00:00-05:00 UTC, 12:30-16:30 UTC"
USDJPY,2026-03-25T05:00:00+00:00,,,Asia,bullish,Minor BOS,50pct,158.698,158.541,159.292,159.355,3.783,4.185,never_filled,,0.0,0.0,0.0,0.0,0.0,0.0,0,-1,-1,5,equilibrium,6.0,1.5,1.83,1.2,1.5,0.0,"structure,sweep,fvg,freshness",False,h1_only,2026-03-25T00:00:00+00:00,BOS,Minor,True,True,False,,,,,False,5,LONG,True,"00:00-05:00 UTC, 12:30-16:30 UTC"
USDJPY,2026-03-25T18:00:00+00:00,,,NY,bullish,Minor BOS,proximal,159.203,158.968,159.584,159.639,1.62,1.86,never_filled,,0.0,0.0,0.0,0.0,0.0,0.0,0,-1,-1,4,premium,3.5,1.5,0.0,0.0,1.5,0.5,"structure,freshness,killzone",False,h1_only,2026-03-25T14:00:00+00:00,BOS,Minor,False,False,False,,,,,False,18,LONG,True,"00:00-05:00 UTC, 12:30-16:30 UTC"
USDJPY,2026-03-25T18:00:00+00:00,,,NY,bullish,Minor BOS,50pct,159.096,158.968,159.584,159.639,3.812,4.242,never_filled,,0.0,0.0,0.0,0.0,0.0,0.0,0,-1,-1,4,premium,3.5,1.5,0.0,0.0,1.5,0.5,"structure,freshness,killzone",False,h1_only,2026-03-25T14:00:00+00:00,BOS,Minor,False,False,False,,,,,False,18,LONG,True,"00:00-05:00 UTC, 12:30-16:30 UTC"
USDJPY,2026-03-26T11:00:00+00:00,2026-03-26T11:00:00+00:00,2026-03-26T19:00:00+00:00,London,bullish,Minor BOS,proximal,159.541,159.41,159.749,159.804,1.59,2.01,tp2,159.804,2.008,1.59,2.01,502.0,2.221,-0.901,8,6,8,3,premium,3.5,1.5,0.0,0.0,1.5,0.5,"structure,freshness,killzone",False,h1_only,2026-03-26T08:00:00+00:00,BOS,Minor,False,False,False,,,,,False,11,LONG,True,"00:00-05:00 UTC, 12:30-16:30 UTC"
USDJPY,2026-03-26T11:00:00+00:00,2026-03-26T11:00:00+00:00,2026-03-26T19:00:00+00:00,London,bullish,Minor BOS,50pct,159.485,159.41,159.749,159.804,3.52,4.253,tp2,159.804,4.253,3.52,4.253,1063.25,4.627,-0.827,8,6,8,3,premium,3.5,1.5,0.0,0.0,1.5,0.5,"structure,freshness,killzone",False,h1_only,2026-03-26T08:00:00+00:00,BOS,Minor,False,False,False,,,,,False,11,LONG,True,"00:00-05:00 UTC, 12:30-16:30 UTC"
USDJPY,2026-03-26T19:00:00+00:00,2026-03-26T19:00:00+00:00,2026-03-26T20:00:00+00:00,NY,bullish,Minor BOS,proximal,159.801,159.689,159.976,160.414,1.56,5.47,sl,159.689,-1.0,-1.0,-1.0,-250.0,0.393,-4.232,1,-1,-1,1,premium,3.0,1.5,0.0,0.0,1.5,0.0,"structure,freshness",False,h1_only,2026-03-26T18:00:00+00:00,BOS,Minor,False,False,False,,,,,True,19,LONG,True,"00:00-05:00 UTC, 12:30-16:30 UTC"
USDJPY,2026-03-26T19:00:00+00:00,2026-03-26T19:00:00+00:00,2026-03-26T20:00:00+00:00,NY,bullish,Minor BOS,50pct,159.755,159.689,159.976,160.414,3.348,9.985,sl,159.689,-1.0,-1.0,-1.0,-250.0,1.364,-6.485,1,-1,-1,1,premium,3.0,1.5,0.0,0.0,1.5,0.0,"structure,freshness",False,h1_only,2026-03-26T18:00:00+00:00,BOS,Minor,False,False,False,,,,,True,19,LONG,True,"00:00-05:00 UTC, 12:30-16:30 UTC"
USDJPY,2026-03-30T21:00:00+00:00,,,Other,bullish,Minor BOS,proximal,159.508,159.382,159.749,159.804,1.91,2.35,never_filled,,0.0,0.0,0.0,0.0,0.0,0.0,0,-1,-1,5,premium,4.2,1.5,0.0,1.2,1.5,0.0,"structure,fvg,freshness",False,h1_only,2026-03-30T16:00:00+00:00,BOS,Minor,True,False,False,,,,,True,21,LONG,True,"00:00-05:00 UTC, 12:30-16:30 UTC"
USDJPY,2026-03-30T21:00:00+00:00,,,Other,bullish,Minor BOS,50pct,159.455,159.382,159.749,159.804,4.027,4.781,never_filled,,0.0,0.0,0.0,0.0,0.0,0.0,0,-1,-1,5,premium,4.2,1.5,0.0,1.2,1.5,0.0,"structure,fvg,freshness",False,h1_only,2026-03-30T16:00:00+00:00,BOS,Minor,True,False,False,,,,,True,21,LONG,True,"00:00-05:00 UTC, 12:30-16:30 UTC"
NZDUSD,2026-03-02T01:00:00+00:00,2026-03-02T01:00:00+00:00,2026-03-02T05:00:00+00:00,Asia,bullish,Minor BOS,proximal,0.59855,0.5969,0.60103,0.60143,1.5,1.74,sl,0.5969,-1.0,-1.0,-1.0,-250.0,0.61,-1.426,4,-1,-1,11,premium,1.8,1.5,0.0,0.3,0.0,0.0,"structure,fvg",False,h1_only,2026-02-27T13:00:00+00:00,BOS,Minor,False,False,False,,,,,True,1,LONG,False,"00:00-05:00 UTC, 12:30-16:30 UTC"
NZDUSD,2026-03-02T01:00:00+00:00,2026-03-02T01:00:00+00:00,2026-03-02T05:00:00+00:00,Asia,bullish,Minor BOS,50pct,0.59793,0.5969,0.60103,0.60143,3.01,3.398,sl,0.5969,-1.0,-1.0,-1.0,-250.0,1.579,-1.683,4,-1,-1,11,premium,1.8,1.5,0.0,0.3,0.0,0.0,"structure,fvg",False,h1_only,2026-02-27T13:00:00+00:00,BOS,Minor,False,False,False,,,,,True,1,LONG,False,"00:00-05:00 UTC, 12:30-16:30 UTC"
NZDUSD,2026-03-04T10:00:00+00:00,2026-03-04T12:00:00+00:00,2026-03-04T19:00:00+00:00,London,bullish,Minor BOS,proximal,0.59081,0.58926,0.5934,0.59379,1.67,1.92,tp2,0.59379,1.923,1.67,1.92,480.75,2.241,-0.002,7,4,7,2,premium,4.7,1.5,0.0,1.2,1.5,0.5,"structure,fvg,freshness,killzone",False,h1_only,2026-03-04T08:00:00+00:00,BOS,Minor,True,False,False,,,,,False,10,LONG,True,"00:00-05:00 UTC, 12:30-16:30 UTC"
NZDUSD,2026-03-04T10:00:00+00:00,2026-03-05T14:00:00+00:00,2026-03-05T15:00:00+00:00,London,bullish,Minor BOS,50pct,0.59023,0.58926,0.5934,0.59379,3.268,3.67,sl,0.58926,-1.0,-1.0,-1.0,-250.0,1.532,-1.02,1,-1,-1,2,premium,4.7,1.5,0.0,1.2,1.5,0.5,"structure,fvg,freshness,killzone",False,h1_only,2026-03-04T08:00:00+00:00,BOS,Minor,True,False,False,,,,,False,10,LONG,True,"00:00-05:00 UTC, 12:30-16:30 UTC"
NZDUSD,2026-03-04T19:00:00+00:00,2026-03-05T06:00:00+00:00,2026-03-05T09:00:00+00:00,NY,bullish,Minor BOS,proximal,0.59161,0.59044,0.5934,0.59379,1.53,1.86,tp2,0.59379,1.863,1.53,1.86,465.75,2.496,-0.865,3,3,3,5,premium,4.2,1.5,0.0,1.2,1.5,0.0,"structure,fvg,freshness",False,h1_only,2026-03-04T14:00:00+00:00,BOS,Minor,True,False,False,,,,,True,19,LONG,True,"00:00-05:00 UTC, 12:30-16:30 UTC"
NZDUSD,2026-03-04T19:00:00+00:00,2026-03-05T08:00:00+00:00,2026-03-05T09:00:00+00:00,NY,bullish,Minor BOS,50pct,0.59123,0.59044,0.5934,0.59379,2.747,3.241,tp2,0.59379,3.241,2.747,3.241,810.25,4.178,-0.8,1,1,1,5,premium,4.2,1.5,0.0,1.2,1.5,0.0,"structure,fvg,freshness",False,h1_only,2026-03-04T14:00:00+00:00,BOS,Minor,True,False,False,,,,,True,19,LONG,True,"00:00-05:00 UTC, 12:30-16:30 UTC"
NZDUSD,2026-03-05T00:00:00+00:00,2026-03-05T00:00:00+00:00,2026-03-05T01:00:00+00:00,Asia,bullish,Minor BOS,proximal,0.59453,0.59353,0.59652,0.59659,1.99,2.06,sl,0.59353,-1.0,-1.0,-1.0,-250.0,0.354,-1.164,1,-1,-1,1,premium,3.0,1.5,0.0,0.0,1.5,0.0,"structure,freshness",False,h1_only,2026-03-04T23:00:00+00:00,BOS,Minor,False,False,False,,,,,True,0,LONG,False,"00:00-05:00 UTC, 12:30-16:30 UTC"
NZDUSD,2026-03-05T00:00:00+00:00,2026-03-05T00:00:00+00:00,2026-03-05T01:00:00+00:00,Asia,bullish,Minor BOS,50pct,0.59423,0.59353,0.59652,0.59659,3.271,3.371,sl,0.59353,-1.0,-1.0,-1.0,-250.0,0.934,-1.234,1,-1,-1,1,premium,3.0,1.5,0.0,0.0,1.5,0.0,"structure,freshness",False,h1_only,2026-03-04T23:00:00+00:00,BOS,Minor,False,False,False,,,,,True,0,LONG,False,"00:00-05:00 UTC, 12:30-16:30 UTC"
NZDUSD,2026-03-05T02:00:00+00:00,2026-03-05T02:00:00+00:00,2026-03-05T03:00:00+00:00,Asia,bullish,Minor BOS,proximal,0.59488,0.59297,0.59787,0.59805,1.56,1.65,sl,0.59297,-1.0,-1.0,-1.0,-250.0,0.0,-1.069,1,-1,-1,1,premium,3.0,1.5,0.0,0.0,1.5,0.0,"structure,freshness",False,h1_only,2026-03-05T01:00:00+00:00,BOS,Minor,False,False,False,,,,,True,2,LONG,False,"00:00-05:00 UTC, 12:30-16:30 UTC"
NZDUSD,2026-03-05T02:00:00+00:00,2026-03-05T02:00:00+00:00,2026-03-05T03:00:00+00:00,Asia,bullish,Minor BOS,50pct,0.59413,0.59297,0.59787,0.59805,3.224,3.379,sl,0.59297,-1.0,-1.0,-1.0,-250.0,0.041,-1.113,1,-1,-1,1,premium,3.0,1.5,0.0,0.0,1.5,0.0,"structure,freshness",False,h1_only,2026-03-05T01:00:00+00:00,BOS,Minor,False,False,False,,,,,True,2,LONG,False,"00:00-05:00 UTC, 12:30-16:30 UTC"
NZDUSD,2026-03-09T16:00:00+00:00,2026-03-10T02:00:00+00:00,2026-03-10T07:00:00+00:00,NY,bullish,Minor BOS,proximal,0.59116,0.58954,0.59379,0.59414,1.62,1.84,tp2,0.59414,1.84,1.62,1.84,460.0,2.037,-0.11,5,5,5,4,premium,3.5,1.5,0.0,0.0,1.5,0.5,"structure,freshness,killzone",False,h1_only,2026-03-09T12:00:00+00:00,BOS,Minor,False,False,False,,,,,False,16,LONG,False,"00:00-05:00 UTC, 12:30-16:30 UTC"
NZDUSD,2026-03-09T16:00:00+00:00,,,NY,bullish,Minor BOS,50pct,0.59055,0.58954,0.59379,0.59414,3.208,3.554,never_filled,,0.0,0.0,0.0,0.0,0.0,0.0,0,-1,-1,4,premium,3.5,1.5,0.0,0.0,1.5,0.5,"structure,freshness,killzone",False,h1_only,2026-03-09T12:00:00+00:00,BOS,Minor,False,False,False,,,,,False,16,LONG,False,"00:00-05:00 UTC, 12:30-16:30 UTC"
NZDUSD,2026-03-09T19:00:00+00:00,2026-03-09T19:00:00+00:00,2026-03-10T02:00:00+00:00,NY,bullish,Minor BOS,proximal,0.59242,0.59114,0.59446,0.59453,1.6,1.66,sl,0.59114,-1.0,-1.0,-1.0,-250.0,1.345,-1.015,7,-1,-1,2,premium,3.0,1.5,0.0,0.0,1.5,0.0,"structure,freshness",False,h1_only,2026-03-09T17:00:00+00:00,BOS,Minor,False,False,False,,,,,True,19,LONG,True,"00:00-05:00 UTC, 12:30-16:30 UTC"
NZDUSD,2026-03-09T19:00:00+00:00,2026-03-09T19:00:00+00:00,2026-03-10T02:00:00+00:00,NY,bullish,Minor BOS,50pct,0.59198,0.59114,0.59446,0.59453,2.952,3.036,sl,0.59114,-1.0,-1.0,-1.0,-250.0,2.574,-1.022,7,-1,-1,2,premium,3.0,1.5,0.0,0.0,1.5,0.0,"structure,freshness",False,h1_only,2026-03-09T17:00:00+00:00,BOS,Minor,False,False,False,,,,,True,19,LONG,True,"00:00-05:00 UTC, 12:30-16:30 UTC"
NZDUSD,2026-03-10T14:00:00+00:00,2026-03-10T14:00:00+00:00,2026-03-10T19:00:00+00:00,NY,bullish,Minor BOS,proximal,0.59467,0.59311,0.59726,,1.66,,sl,0.59311,-1.0,-1.0,-1.0,-250.0,1.184,-1.151,5,-1,-1,1,premium,3.5,1.5,0.0,0.0,1.5,0.5,"structure,freshness,killzone",False,h1_only,2026-03-10T13:00:00+00:00,BOS,Minor,False,False,False,,,,,False,14,LONG,False,"00:00-05:00 UTC, 12:30-16:30 UTC"
NZDUSD,2026-03-10T14:00:00+00:00,2026-03-10T14:00:00+00:00,2026-03-10T19:00:00+00:00,NY,bullish,Minor BOS,50pct,0.59409,0.59311,0.59726,,3.235,,sl,0.59311,-1.0,-1.0,-1.0,-250.0,2.476,-1.241,5,-1,-1,1,premium,3.5,1.5,0.0,0.0,1.5,0.5,"structure,freshness,killzone",False,h1_only,2026-03-10T13:00:00+00:00,BOS,Minor,False,False,False,,,,,False,14,LONG,False,"00:00-05:00 UTC, 12:30-16:30 UTC"
NZDUSD,2026-03-10T17:00:00+00:00,2026-03-10T17:00:00+00:00,2026-03-10T18:00:00+00:00,NY,bullish,Minor BOS,proximal,0.5963,0.59509,0.59841,0.59887,1.73,2.11,sl,0.59509,-1.0,-1.0,-1.0,-250.0,0.179,-2.192,1,-1,-1,2,premium,3.5,1.5,0.0,0.0,1.5,0.5,"structure,freshness,killzone",False,h1_only,2026-03-10T15:00:00+00:00,BOS,Minor,False,False,False,,,,,False,17,LONG,True,"00:00-05:00 UTC, 12:30-16:30 UTC"
NZDUSD,2026-03-10T17:00:00+00:00,2026-03-10T17:00:00+00:00,2026-03-10T18:00:00+00:00,NY,bullish,Minor BOS,50pct,0.59589,0.59509,0.59841,0.59887,3.15,3.725,sl,0.59509,-1.0,-1.0,-1.0,-250.0,0.783,-2.803,1,-1,-1,2,premium,3.5,1.5,0.0,0.0,1.5,0.5,"structure,freshness,killzone",False,h1_only,2026-03-10T15:00:00+00:00,BOS,Minor,False,False,False,,,,,False,17,LONG,True,"00:00-05:00 UTC, 12:30-16:30 UTC"
NZDUSD,2026-03-16T09:00:00+00:00,,,London,bullish,Minor BOS,proximal,0.5814,0.58029,0.5834,0.58394,1.8,2.3,never_filled,,0.0,0.0,0.0,0.0,0.0,0.0,0,-1,-1,5,discount,4.7,1.5,0.0,1.2,1.5,0.5,"structure,fvg,freshness,killzone",False,h1_only,2026-03-16T04:00:00+00:00,BOS,Minor,True,False,False,,,,,False,9,LONG,True,"00:00-05:00 UTC, 12:30-16:30 UTC"
NZDUSD,2026-03-16T09:00:00+00:00,,,London,bullish,Minor BOS,50pct,0.58104,0.58029,0.5834,0.58394,3.147,3.867,never_filled,,0.0,0.0,0.0,0.0,0.0,0.0,0,-1,-1,5,discount,4.7,1.5,0.0,1.2,1.5,0.5,"structure,fvg,freshness,killzone",False,h1_only,2026-03-16T04:00:00+00:00,BOS,Minor,True,False,False,,,,,False,9,LONG,True,"00:00-05:00 UTC, 12:30-16:30 UTC"
NZDUSD,2026-03-16T15:00:00+00:00,2026-03-16T15:00:00+00:00,2026-03-16T16:00:00+00:00,NY,bullish,Minor BOS,proximal,0.58586,0.58426,0.58869,0.58921,1.77,2.09,sl,0.58426,-1.0,-1.0,-1.0,-250.0,0.0,-1.071,1,-1,-1,1,equilibrium,3.5,1.5,0.0,0.0,1.5,0.5,"structure,freshness,killzone",False,h1_only,2026-03-16T14:00:00+00:00,BOS,Minor,False,False,False,,,,,False,15,LONG,False,"00:00-05:00 UTC, 12:30-16:30 UTC"
NZDUSD,2026-03-16T15:00:00+00:00,2026-03-16T15:00:00+00:00,2026-03-16T16:00:00+00:00,NY,bullish,Minor BOS,50pct,0.58526,0.58426,0.58869,0.58921,3.43,3.95,sl,0.58426,-1.0,-1.0,-1.0,-250.0,0.289,-1.114,1,-1,-1,1,discount,3.5,1.5,0.0,0.0,1.5,0.5,"structure,freshness,killzone",False,h1_only,2026-03-16T14:00:00+00:00,BOS,Minor,False,False,False,,,,,False,15,LONG,False,"00:00-05:00 UTC, 12:30-16:30 UTC"
NZDUSD,2026-03-16T18:00:00+00:00,2026-03-16T18:00:00+00:00,2026-03-17T05:00:00+00:00,NY,bullish,Minor BOS,proximal,0.58555,0.58416,0.58869,0.58921,2.25,2.63,sl,0.58416,-1.0,-1.0,-1.0,-250.0,0.938,-1.965,11,-1,-1,3,discount,4.7,1.5,0.0,1.2,1.5,0.5,"structure,fvg,freshness,killzone",False,h1_only,2026-03-16T15:00:00+00:00,BOS,Minor,True,False,False,,,,,False,18,LONG,True,"00:00-05:00 UTC, 12:30-16:30 UTC"
NZDUSD,2026-03-16T18:00:00+00:00,2026-03-17T00:00:00+00:00,2026-03-17T05:00:00+00:00,NY,bullish,Minor BOS,50pct,0.58505,0.58416,0.58869,0.58921,4.09,4.674,sl,0.58416,-1.0,-1.0,-1.0,-250.0,0.56,-2.507,5,-1,-1,3,discount,4.7,1.5,0.0,1.2,1.5,0.5,"structure,fvg,freshness,killzone",False,h1_only,2026-03-16T15:00:00+00:00,BOS,Minor,True,False,False,,,,,False,18,LONG,True,"00:00-05:00 UTC, 12:30-16:30 UTC"
NZDUSD,2026-03-19T13:00:00+00:00,2026-03-19T13:00:00+00:00,2026-03-19T14:00:00+00:00,NY,bullish,Minor BOS,proximal,0.58153,0.57975,0.58421,0.58445,1.51,1.64,tp2,0.58445,1.64,1.51,1.64,410.0,1.834,-0.739,1,1,1,1,discount,4.5,1.5,1.0,0.0,1.5,0.5,"structure,sweep,freshness,killzone",False,h1_only,2026-03-19T12:00:00+00:00,BOS,Minor,False,True,False,,,,,False,13,LONG,False,"00:00-05:00 UTC, 12:30-16:30 UTC"
NZDUSD,2026-03-19T13:00:00+00:00,2026-03-19T13:00:00+00:00,2026-03-19T14:00:00+00:00,NY,bullish,Minor BOS,50pct,0.58084,0.57975,0.58421,0.58445,3.092,3.312,tp2,0.58445,3.312,3.092,3.312,828.0,3.629,-0.574,1,1,1,1,discount,4.5,1.5,1.0,0.0,1.5,0.5,"structure,sweep,freshness,killzone",False,h1_only,2026-03-19T12:00:00+00:00,BOS,Minor,False,True,False,,,,,False,13,LONG,False,"00:00-05:00 UTC, 12:30-16:30 UTC"
NZDUSD,2026-03-19T16:00:00+00:00,2026-03-19T16:00:00+00:00,2026-03-20T13:00:00+00:00,NY,bullish,Minor BOS,proximal,0.5849,0.58232,0.58921,0.58928,1.67,1.7,sl,0.5849,0.0,1.67,0.0,0.0,1.696,-0.596,21,9,-1,1,discount,4.5,1.5,1.0,0.0,1.5,0.5,"structure,sweep,freshness,killzone",False,h1_only,2026-03-19T15:00:00+00:00,BOS,Minor,False,True,False,,,,,False,16,LONG,False,"00:00-05:00 UTC, 12:30-16:30 UTC"
NZDUSD,2026-03-19T16:00:00+00:00,2026-03-19T16:00:00+00:00,2026-03-20T14:00:00+00:00,NY,bullish,Minor BOS,50pct,0.58381,0.58232,0.58921,0.58928,3.624,3.671,sl,0.58381,0.0,3.624,0.0,0.0,3.668,-0.3,22,9,-1,1,discount,4.5,1.5,1.0,0.0,1.5,0.5,"structure,sweep,freshness,killzone",False,h1_only,2026-03-19T15:00:00+00:00,BOS,Minor,False,True,False,,,,,False,16,LONG,False,"00:00-05:00 UTC, 12:30-16:30 UTC"
NZDUSD,2026-03-23T12:00:00+00:00,,,London,bullish,Minor BOS,proximal,0.57817,0.57604,0.5816,0.58258,1.61,2.07,never_filled,,0.0,0.0,0.0,0.0,0.0,0.0,0,-1,-1,2,discount,4.7,1.5,0.0,1.2,1.5,0.5,"structure,fvg,freshness,killzone",False,h1_only,2026-03-23T10:00:00+00:00,BOS,Minor,True,False,False,,,,,False,12,LONG,True,"00:00-05:00 UTC, 12:30-16:30 UTC"
NZDUSD,2026-03-23T12:00:00+00:00,,,London,bullish,Minor BOS,50pct,0.5773,0.57604,0.5816,0.58258,3.413,4.19,never_filled,,0.0,0.0,0.0,0.0,0.0,0.0,0,-1,-1,2,discount,4.7,1.5,0.0,1.2,1.5,0.5,"structure,fvg,freshness,killzone",False,h1_only,2026-03-23T10:00:00+00:00,BOS,Minor,True,False,False,,,,,False,12,LONG,True,"00:00-05:00 UTC, 12:30-16:30 UTC"
NZDUSD,2026-03-23T16:00:00+00:00,2026-03-23T16:00:00+00:00,2026-03-23T16:00:00+00:00,NY,bullish,Minor BOS,proximal,0.58869,0.58395,0.59584,0.59652,1.51,1.65,sl,0.58395,-1.0,-1.0,-1.0,-250.0,0.0,-1.102,0,-1,-1,1,premium,3.5,1.5,0.0,0.0,1.5,0.5,"structure,freshness,killzone",False,h1_only,2026-03-23T15:00:00+00:00,BOS,Minor,False,False,False,,,,,False,16,LONG,False,"00:00-05:00 UTC, 12:30-16:30 UTC"
NZDUSD,2026-03-23T16:00:00+00:00,2026-03-23T16:00:00+00:00,2026-03-23T16:00:00+00:00,NY,bullish,Minor BOS,50pct,0.58652,0.58395,0.59584,0.59652,3.626,3.891,sl,0.58395,-1.0,-1.0,-1.0,-250.0,0.0,-1.189,0,-1,-1,1,equilibrium,3.5,1.5,0.0,0.0,1.5,0.5,"structure,freshness,killzone",False,h1_only,2026-03-23T15:00:00+00:00,BOS,Minor,False,False,False,,,,,False,16,LONG,False,"00:00-05:00 UTC, 12:30-16:30 UTC"
NZDUSD,2026-03-25T10:00:00+00:00,2026-03-26T06:00:00+00:00,2026-03-26T11:00:00+00:00,London,bullish,Minor BOS,proximal,0.57968,0.57767,0.58275,0.58289,1.53,1.6,sl,0.57767,-1.0,-1.0,-1.0,-250.0,0.233,-1.117,5,-1,-1,49,discount,3.4,1.5,0.0,0.6,0.75,0.5,"structure,fvg,freshness,killzone",False,h1_only,2026-03-23T09:00:00+00:00,BOS,Minor,True,False,False,,,,,False,10,LONG,True,"00:00-05:00 UTC, 12:30-16:30 UTC"
NZDUSD,2026-03-25T10:00:00+00:00,2026-03-26T07:00:00+00:00,2026-03-26T11:00:00+00:00,London,bullish,Minor BOS,50pct,0.57887,0.57767,0.58275,0.58289,3.233,3.35,sl,0.57767,-1.0,-1.0,-1.0,-250.0,0.756,-1.197,4,-1,-1,49,discount,3.4,1.5,0.0,0.6,0.75,0.5,"structure,fvg,freshness,killzone",False,h1_only,2026-03-23T09:00:00+00:00,BOS,Minor,True,False,False,,,,,False,10,LONG,True,"00:00-05:00 UTC, 12:30-16:30 UTC"
USDCHF,2026-03-03T07:00:00+00:00,2026-03-03T07:00:00+00:00,2026-03-03T09:00:00+00:00,London,bullish,Major CHoCH,proximal,0.78183,0.78068,0.78376,0.78573,1.68,3.39,tp2,0.78573,3.391,1.68,3.39,847.75,3.73,-0.73,2,1,2,1,discount,6.0,3.0,1.0,0.0,1.5,0.5,"structure,sweep,freshness,killzone",False,h1_only,2026-03-03T06:00:00+00:00,CHoCH,Major,False,True,False,,,,,False,7,LONG,False,07:00-16:30 UTC
USDCHF,2026-03-03T07:00:00+00:00,2026-03-03T07:00:00+00:00,2026-03-03T09:00:00+00:00,London,bullish,Major CHoCH,50pct,0.78135,0.78068,0.78376,0.78573,3.597,6.537,tp2,0.78573,6.537,3.597,6.537,1634.25,7.119,-0.537,2,1,2,1,discount,6.0,3.0,1.0,0.0,1.5,0.5,"structure,sweep,freshness,killzone",False,h1_only,2026-03-03T06:00:00+00:00,CHoCH,Major,False,True,False,,,,,False,7,LONG,False,07:00-16:30 UTC
USDCHF,2026-03-05T19:00:00+00:00,2026-03-05T20:00:00+00:00,2026-03-06T07:00:00+00:00,NY,bullish,Minor BOS,proximal,0.78147,0.77955,0.78573,0.78634,2.22,2.54,sl,0.77955,-1.0,-1.0,-1.0,-250.0,1.135,-1.078,11,-1,-1,5,discount,3.0,1.5,0.0,0.0,1.5,0.0,"structure,freshness",False,h1_only,2026-03-05T14:00:00+00:00,BOS,Minor,False,False,False,,,,,True,19,LONG,True,07:00-16:30 UTC
USDCHF,2026-03-05T19:00:00+00:00,2026-03-05T21:00:00+00:00,2026-03-06T07:00:00+00:00,NY,bullish,Minor BOS,50pct,0.78061,0.77955,0.78573,0.78634,4.83,5.406,sl,0.77955,-1.0,-1.0,-1.0,-250.0,0.849,-1.142,10,-1,-1,5,discount,3.0,1.5,0.0,0.0,1.5,0.0,"structure,freshness",False,h1_only,2026-03-05T14:00:00+00:00,BOS,Minor,False,False,False,,,,,True,19,LONG,True,07:00-16:30 UTC
USDCHF,2026-03-10T18:00:00+00:00,2026-03-10T21:00:00+00:00,2026-03-11T12:00:00+00:00,NY,bullish,Minor BOS,proximal,0.77665,0.77491,0.7793,0.77931,1.52,1.53,tp2,0.77931,1.529,1.52,1.53,382.25,1.793,-0.109,15,15,15,4,discount,5.7,1.5,1.0,1.2,1.5,0.5,"structure,sweep,fvg,freshness,killzone",False,h1_only,2026-03-10T14:00:00+00:00,BOS,Minor,True,True,False,,,,,False,18,LONG,True,07:00-16:30 UTC
USDCHF,2026-03-10T18:00:00+00:00,,,NY,bullish,Minor BOS,50pct,0.77588,0.77491,0.7793,0.77931,3.526,3.536,never_filled,,0.0,0.0,0.0,0.0,0.0,0.0,0,-1,-1,4,discount,5.7,1.5,1.0,1.2,1.5,0.5,"structure,sweep,fvg,freshness,killzone",False,h1_only,2026-03-10T14:00:00+00:00,BOS,Minor,True,True,False,,,,,False,18,LONG,True,07:00-16:30 UTC
USDCHF,2026-03-11T12:00:00+00:00,2026-03-11T12:00:00+00:00,2026-03-11T12:00:00+00:00,London,bullish,Minor BOS,proximal,0.77865,0.7776,0.78025,0.78035,1.52,1.62,sl,0.7776,-1.0,-1.0,-1.0,-250.0,1.067,-1.333,0,-1,-1,2,discount,4.5,1.5,1.0,0.0,1.5,0.5,"structure,sweep,freshness,killzone",False,h1_only,2026-03-11T10:00:00+00:00,BOS,Minor,False,True,False,,,,,False,12,LONG,False,07:00-16:30 UTC
USDCHF,2026-03-11T12:00:00+00:00,2026-03-11T12:00:00+00:00,2026-03-11T12:00:00+00:00,London,bullish,Minor BOS,50pct,0.77823,0.7776,0.78025,0.78035,3.206,3.365,sl,0.7776,-1.0,-1.0,-1.0,-250.0,2.444,-1.556,0,-1,-1,2,discount,4.5,1.5,1.0,0.0,1.5,0.5,"structure,sweep,freshness,killzone",False,h1_only,2026-03-11T10:00:00+00:00,BOS,Minor,False,True,False,,,,,False,12,LONG,False,07:00-16:30 UTC
USDCHF,2026-03-11T15:00:00+00:00,2026-03-11T15:00:00+00:00,2026-03-12T04:00:00+00:00,NY,bullish,Minor BOS,proximal,0.77991,0.77857,0.78196,0.78236,1.53,1.83,tp2,0.78236,1.828,1.53,1.83,457.0,1.828,-0.836,13,8,13,2,discount,4.5,1.5,1.0,0.0,1.5,0.5,"structure,sweep,freshness,killzone",False,h1_only,2026-03-11T13:00:00+00:00,BOS,Minor,False,True,False,,,,,False,15,LONG,False,07:00-16:30 UTC
USDCHF,2026-03-11T15:00:00+00:00,2026-03-11T15:00:00+00:00,2026-03-12T04:00:00+00:00,NY,bullish,Minor BOS,50pct,0.77934,0.77857,0.78196,0.78236,3.403,3.922,tp2,0.78236,3.922,3.403,3.922,980.5,3.922,-0.714,13,8,13,2,discount,4.5,1.5,1.0,0.0,1.5,0.5,"structure,sweep,freshness,killzone",False,h1_only,2026-03-11T13:00:00+00:00,BOS,Minor,False,True,False,,,,,False,15,LONG,False,07:00-16:30 UTC
USDCHF,2026-03-11T20:00:00+00:00,2026-03-11T20:00:00+00:00,2026-03-11T21:00:00+00:00,NY,bullish,Minor BOS,proximal,0.78084,0.77939,0.78334,0.78351,1.72,1.84,sl,0.77939,-1.0,-1.0,-1.0,-250.0,0.0,-1.414,1,-1,-1,4,discount,2.5,1.5,1.0,0.0,0.0,0.0,"structure,sweep",False,h1_only,2026-03-11T16:00:00+00:00,BOS,Minor,False,True,False,,,,,True,20,LONG,True,07:00-16:30 UTC
USDCHF,2026-03-11T20:00:00+00:00,2026-03-11T20:00:00+00:00,2026-03-11T21:00:00+00:00,NY,bullish,Minor BOS,50pct,0.78021,0.77939,0.78334,0.78351,3.817,4.024,sl,0.77939,-1.0,-1.0,-1.0,-250.0,0.488,-1.732,1,-1,-1,4,discount,2.5,1.5,1.0,0.0,0.0,0.0,"structure,sweep",False,h1_only,2026-03-11T16:00:00+00:00,BOS,Minor,False,True,False,,,,,True,20,LONG,True,07:00-16:30 UTC
USDCHF,2026-03-11T23:00:00+00:00,2026-03-12T09:00:00+00:00,2026-03-12T14:00:00+00:00,Other,bullish,Minor BOS,proximal,0.78032,0.77859,0.78334,0.78351,1.75,1.84,tp2,0.78351,1.844,1.75,1.84,461.0,2.15,-0.139,5,5,5,2,discount,5.2,1.5,1.0,1.2,1.5,0.0,"structure,sweep,fvg,freshness",False,h1_only,2026-03-11T21:00:00+00:00,BOS,Minor,True,True,False,,,,,True,23,LONG,True,07:00-16:30 UTC
USDCHF,2026-03-11T23:00:00+00:00,,,Other,bullish,Minor BOS,50pct,0.77955,0.77859,0.78334,0.78351,3.948,4.125,never_filled,,0.0,0.0,0.0,0.0,0.0,0.0,0,-1,-1,2,discount,5.2,1.5,1.0,1.2,1.5,0.0,"structure,sweep,fvg,freshness",False,h1_only,2026-03-11T21:00:00+00:00,BOS,Minor,True,True,False,,,,,True,23,LONG,True,07:00-16:30 UTC
USDCHF,2026-03-12T02:00:00+00:00,2026-03-12T02:00:00+00:00,2026-03-12T09:00:00+00:00,Asia,bullish,Minor BOS,proximal,0.7821,0.78067,0.78573,0.78634,2.54,2.97,sl,0.78067,-1.0,-1.0,-1.0,-250.0,0.476,-1.28,7,-1,-1,2,discount,4.0,1.5,1.0,0.0,1.5,0.0,"structure,sweep,freshness",False,h1_only,2026-03-12T00:00:00+00:00,BOS,Minor,False,True,False,,,,,True,2,LONG,True,07:00-16:30 UTC
USDCHF,2026-03-12T02:00:00+00:00,2026-03-12T02:00:00+00:00,2026-03-12T09:00:00+00:00,Asia,bullish,Minor BOS,50pct,0.78149,0.78067,0.78573,0.78634,5.171,5.915,sl,0.78067,-1.0,-1.0,-1.0,-250.0,1.573,-1.488,7,-1,-1,2,discount,4.0,1.5,1.0,0.0,1.5,0.0,"structure,sweep,freshness",False,h1_only,2026-03-12T00:00:00+00:00,BOS,Minor,False,True,False,,,,,True,2,LONG,True,07:00-16:30 UTC
USDCHF,2026-03-12T06:00:00+00:00,2026-03-12T06:00:00+00:00,2026-03-12T06:00:00+00:00,Asia,bullish,Minor BOS,proximal,0.7822,0.78121,0.78376,0.78573,1.58,3.57,sl,0.78121,-1.0,-1.0,-1.0,-250.0,0.0,-1.04,0,-1,-1,1,discount,4.5,1.5,1.0,0.0,1.5,0.5,"structure,sweep,freshness,killzone",False,h1_only,2026-03-12T05:00:00+00:00,BOS,Minor,False,True,False,,,,,False,6,LONG,True,07:00-16:30 UTC
USDCHF,2026-03-12T06:00:00+00:00,2026-03-12T06:00:00+00:00,2026-03-12T06:00:00+00:00,Asia,bullish,Minor BOS,50pct,0.7818,0.78121,0.78376,0.78573,3.322,6.661,sl,0.78121,-1.0,-1.0,-1.0,-250.0,0.22,-1.068,0,-1,-1,1,discount,4.5,1.5,1.0,0.0,1.5,0.5,"structure,sweep,freshness,killzone",False,h1_only,2026-03-12T05:00:00+00:00,BOS,Minor,False,True,False,,,,,False,6,LONG,True,07:00-16:30 UTC
USDCHF,2026-03-12T22:00:00+00:00,2026-03-12T22:00:00+00:00,2026-03-13T07:00:00+00:00,Other,bullish,Minor BOS,proximal,0.7858,0.78449,0.78787,0.78828,1.58,1.89,tp2,0.78828,1.893,1.58,1.89,473.25,2.359,-0.878,9,9,9,1,discount,3.0,1.5,0.0,0.0,1.5,0.0,"structure,freshness",False,h1_only,2026-03-12T21:00:00+00:00,BOS,Minor,False,False,False,,,,,True,22,LONG,True,07:00-16:30 UTC
USDCHF,2026-03-12T22:00:00+00:00,2026-03-12T22:00:00+00:00,2026-03-13T07:00:00+00:00,Other,bullish,Minor BOS,50pct,0.78525,0.78449,0.78787,0.78828,3.447,3.987,tp2,0.78828,3.987,3.447,3.987,996.75,4.789,-0.789,9,9,9,1,discount,3.0,1.5,0.0,0.0,1.5,0.0,"structure,freshness",False,h1_only,2026-03-12T21:00:00+00:00,BOS,Minor,False,False,False,,,,,True,22,LONG,True,07:00-16:30 UTC
USDCHF,2026-03-13T04:00:00+00:00,,,Asia,bullish,Minor BOS,proximal,0.78554,0.78445,0.7875,0.78765,1.8,1.94,never_filled,,0.0,0.0,0.0,0.0,0.0,0.0,0,-1,-1,4,discount,4.2,1.5,0.0,1.2,1.5,0.0,"structure,fvg,freshness",False,h1_only,2026-03-13T00:00:00+00:00,BOS,Minor,True,False,False,,,,,False,4,LONG,True,07:00-16:30 UTC
USDCHF,2026-03-13T04:00:00+00:00,,,Asia,bullish,Minor BOS,50pct,0.7851,0.78445,0.7875,0.78765,3.692,3.923,never_filled,,0.0,0.0,0.0,0.0,0.0,0.0,0,-1,-1,4,discount,4.2,1.5,0.0,1.2,1.5,0.0,"structure,fvg,freshness",False,h1_only,2026-03-13T00:00:00+00:00,BOS,Minor,True,False,False,,,,,False,4,LONG,True,07:00-16:30 UTC
USDCHF,2026-03-18T07:00:00+00:00,2026-03-18T11:00:00+00:00,2026-03-18T12:00:00+00:00,London,bullish,Minor BOS,proximal,0.78541,0.7849,0.78634,0.78696,1.82,3.04,tp2,0.78696,3.039,1.82,3.04,759.75,5.412,-0.02,1,0,1,2,discount,3.5,1.5,0.0,0.0,1.5,0.5,"structure,freshness,killzone",False,h1_only,2026-03-18T05:00:00+00:00,BOS,Minor,False,False,False,,,,,False,7,LONG,False,07:00-16:30 UTC
USDCHF,2026-03-18T07:00:00+00:00,,,London,bullish,Minor BOS,50pct,0.78525,0.7849,0.78634,0.78696,3.114,4.886,never_filled,,0.0,0.0,0.0,0.0,0.0,0.0,0,-1,-1,2,discount,3.5,1.5,0.0,0.0,1.5,0.5,"structure,freshness,killzone",False,h1_only,2026-03-18T05:00:00+00:00,BOS,Minor,False,False,False,,,,,False,7,LONG,False,07:00-16:30 UTC
USDCHF,2026-03-18T12:00:00+00:00,2026-03-18T12:00:00+00:00,2026-03-18T13:00:00+00:00,London,bullish,Minor BOS,proximal,0.7865,0.7852,0.78896,0.78909,1.89,1.99,tp2,0.78909,1.992,1.89,1.99,498.0,2.223,-0.677,1,1,1,1,equilibrium,3.5,1.5,0.0,0.0,1.5,0.5,"structure,freshness,killzone",False,h1_only,2026-03-18T11:00:00+00:00,BOS,Minor,False,False,False,,,,,False,12,LONG,False,07:00-16:30 UTC
USDCHF,2026-03-18T12:00:00+00:00,2026-03-18T12:00:00+00:00,2026-03-18T13:00:00+00:00,London,bullish,Minor BOS,50pct,0.78595,0.7852,0.78896,0.78909,4.013,4.187,tp2,0.78909,4.187,4.013,4.187,1046.75,4.587,-0.44,1,1,1,1,equilibrium,3.5,1.5,0.0,0.0,1.5,0.5,"structure,freshness,killzone",False,h1_only,2026-03-18T11:00:00+00:00,BOS,Minor,False,False,False,,,,,False,12,LONG,False,07:00-16:30 UTC
USDCHF,2026-03-20T06:00:00+00:00,2026-03-20T06:00:00+00:00,2026-03-20T08:00:00+00:00,Asia,bullish,Minor BOS,proximal,0.78905,0.78816,0.79055,0.79095,1.69,2.13,sl,0.78816,-1.0,-1.0,-1.0,-250.0,1.135,-1.079,2,-1,-1,6,premium,3.8,1.5,0.0,0.3,1.5,0.5,"structure,fvg,freshness,killzone",False,h1_only,2026-03-20T00:00:00+00:00,BOS,Minor,False,False,False,,,,,False,6,LONG,True,07:00-16:30 UTC
USDCHF,2026-03-20T06:00:00+00:00,2026-03-20T07:00:00+00:00,2026-03-20T08:00:00+00:00,Asia,bullish,Minor BOS,50pct,0.7887,0.78816,0.79055,0.79095,3.426,4.167,sl,0.78816,-1.0,-1.0,-1.0,-250.0,2.518,-1.13,1,-1,-1,6,premium,3.8,1.5,0.0,0.3,1.5,0.5,"structure,fvg,freshness,killzone",False,h1_only,2026-03-20T00:00:00+00:00,BOS,Minor,False,False,False,,,,,False,6,LONG,True,07:00-16:30 UTC
USDCHF,2026-03-23T08:00:00+00:00,2026-03-23T08:00:00+00:00,2026-03-23T08:00:00+00:00,London,bullish,Minor BOS,proximal,0.79004,0.78853,0.79238,0.79244,1.55,1.59,sl,0.78853,-1.0,-1.0,-1.0,-250.0,0.709,-1.099,0,-1,-1,1,premium,3.5,1.5,0.0,0.0,1.5,0.5,"structure,freshness,killzone",False,h1_only,2026-03-23T07:00:00+00:00,BOS,Minor,False,False,False,,,,,False,8,LONG,False,07:00-16:30 UTC
USDCHF,2026-03-23T08:00:00+00:00,2026-03-23T08:00:00+00:00,2026-03-23T08:00:00+00:00,London,bullish,Minor BOS,50pct,0.78939,0.78853,0.79238,0.79244,3.477,3.547,sl,0.78853,-1.0,-1.0,-1.0,-250.0,2.0,-1.174,0,-1,-1,1,premium,3.5,1.5,0.0,0.0,1.5,0.5,"structure,freshness,killzone",False,h1_only,2026-03-23T07:00:00+00:00,BOS,Minor,False,False,False,,,,,False,8,LONG,False,07:00-16:30 UTC
USDCHF,2026-03-24T13:00:00+00:00,2026-03-24T20:00:00+00:00,2026-03-24T20:00:00+00:00,NY,bullish,Minor BOS,proximal,0.78763,0.78619,0.79001,0.79006,1.65,1.69,tp2,0.79006,1.687,1.65,1.69,421.75,1.854,-0.389,0,0,0,4,premium,4.7,1.5,0.0,1.2,1.5,0.5,"structure,fvg,freshness,killzone",False,h1_only,2026-03-24T09:00:00+00:00,BOS,Minor,True,False,False,,,,,False,13,LONG,False,07:00-16:30 UTC
USDCHF,2026-03-24T13:00:00+00:00,2026-03-25T00:00:00+00:00,2026-03-25T06:00:00+00:00,NY,bullish,Minor BOS,50pct,0.78701,0.78619,0.79001,0.79006,3.659,3.72,tp2,0.79006,3.72,3.659,3.72,930.0,3.89,-0.061,6,5,6,4,equilibrium,4.7,1.5,0.0,1.2,1.5,0.5,"structure,fvg,freshness,killzone",False,h1_only,2026-03-24T09:00:00+00:00,BOS,Minor,True,False,False,,,,,False,13,LONG,False,07:00-16:30 UTC
USDCHF,2026-03-24T17:00:00+00:00,2026-03-24T17:00:00+00:00,2026-03-24T19:00:00+00:00,NY,bullish,Minor BOS,proximal,0.79169,0.79028,0.79397,0.79561,1.62,2.78,sl,0.79028,-1.0,-1.0,-1.0,-250.0,0.553,-1.234,2,-1,-1,1,premium,3.5,1.5,0.0,0.0,1.5,0.5,"structure,freshness,killzone",False,h1_only,2026-03-24T16:00:00+00:00,BOS,Minor,False,False,False,,,,,False,17,LONG,True,07:00-16:30 UTC
USDCHF,2026-03-24T17:00:00+00:00,2026-03-24T17:00:00+00:00,2026-03-24T19:00:00+00:00,NY,bullish,Minor BOS,50pct,0.79109,0.79028,0.79397,0.79561,3.556,5.58,sl,0.79028,-1.0,-1.0,-1.0,-250.0,1.704,-1.407,2,-1,-1,1,premium,3.5,1.5,0.0,0.0,1.5,0.5,"structure,freshness,killzone",False,h1_only,2026-03-24T16:00:00+00:00,BOS,Minor,False,False,False,,,,,False,17,LONG,True,07:00-16:30 UTC
USDCHF,2026-03-24T19:00:00+00:00,2026-03-24T19:00:00+00:00,2026-03-24T19:00:00+00:00,NY,bullish,Minor BOS,proximal,0.79206,0.7901,0.79561,0.7958,1.81,1.91,sl,0.7901,-1.0,-1.0,-1.0,-250.0,0.0,-1.077,0,-1,-1,1,premium,3.0,1.5,0.0,0.0,1.5,0.0,"structure,freshness",False,h1_only,2026-03-24T18:00:00+00:00,BOS,Minor,False,False,False,,,,,True,19,LONG,True,07:00-16:30 UTC
USDCHF,2026-03-24T19:00:00+00:00,2026-03-24T19:00:00+00:00,2026-03-24T19:00:00+00:00,NY,bullish,Minor BOS,50pct,0.79118,0.7901,0.79561,0.7958,4.102,4.278,sl,0.7901,-1.0,-1.0,-1.0,-250.0,0.0,-1.139,0,-1,-1,1,premium,3.0,1.5,0.0,0.0,1.5,0.0,"structure,freshness",False,h1_only,2026-03-24T18:00:00+00:00,BOS,Minor,False,False,False,,,,,True,19,LONG,True,07:00-16:30 UTC
USDCHF,2026-03-25T13:00:00+00:00,2026-03-25T13:00:00+00:00,2026-03-25T16:00:00+00:00,NY,bullish,Minor BOS,proximal,0.78937,0.7883,0.7917,0.79228,2.18,2.72,tp2,0.79228,2.72,2.18,2.72,680.0,2.869,-0.224,3,0,3,2,premium,3.5,1.5,0.0,0.0,1.5,0.5,"structure,freshness,killzone",False,h1_only,2026-03-25T11:00:00+00:00,BOS,Minor,False,False,False,,,,,False,13,LONG,False,07:00-16:30 UTC
USDCHF,2026-03-25T13:00:00+00:00,,,NY,bullish,Minor BOS,50pct,0.78894,0.7883,0.7917,0.79228,4.313,5.219,never_filled,,0.0,0.0,0.0,0.0,0.0,0.0,0,-1,-1,2,premium,3.5,1.5,0.0,0.0,1.5,0.5,"structure,freshness,killzone",False,h1_only,2026-03-25T11:00:00+00:00,BOS,Minor,False,False,False,,,,,False,13,LONG,False,07:00-16:30 UTC
USDCHF,2026-03-25T15:00:00+00:00,2026-03-25T15:00:00+00:00,2026-03-26T20:00:00+00:00,NY,bullish,Minor BOS,proximal,0.79208,0.78996,0.79561,0.7958,1.67,1.75,tp2,0.7958,1.755,1.67,1.75,438.75,1.816,-0.84,29,28,29,1,premium,4.5,1.5,1.0,0.0,1.5,0.5,"structure,sweep,freshness,killzone",False,h1_only,2026-03-25T14:00:00+00:00,BOS,Minor,False,True,False,,,,,False,15,LONG,False,07:00-16:30 UTC
USDCHF,2026-03-25T15:00:00+00:00,2026-03-25T15:00:00+00:00,2026-03-26T20:00:00+00:00,NY,bullish,Minor BOS,50pct,0.79112,0.78996,0.79561,0.7958,3.871,4.034,tp2,0.7958,4.034,3.871,4.034,1008.5,4.147,-0.707,29,28,29,1,premium,4.5,1.5,1.0,0.0,1.5,0.5,"structure,sweep,freshness,killzone",False,h1_only,2026-03-25T14:00:00+00:00,BOS,Minor,False,True,False,,,,,False,15,LONG,False,07:00-16:30 UTC
USDCHF,2026-03-25T18:00:00+00:00,2026-03-25T18:00:00+00:00,2026-03-26T20:00:00+00:00,NY,bullish,Minor BOS,proximal,0.79183,0.79038,0.79561,0.7958,2.61,2.74,tp2,0.7958,2.738,2.61,2.74,684.5,2.828,-0.848,26,25,26,1,premium,4.5,1.5,1.0,0.0,1.5,0.5,"structure,sweep,freshness,killzone",False,h1_only,2026-03-25T17:00:00+00:00,BOS,Minor,False,True,False,,,,,False,18,LONG,True,07:00-16:30 UTC
USDCHF,2026-03-25T18:00:00+00:00,2026-03-25T18:00:00+00:00,2026-03-26T20:00:00+00:00,NY,bullish,Minor BOS,50pct,0.7912,0.79038,0.79561,0.7958,5.378,5.61,tp2,0.7958,5.61,5.378,5.61,1402.5,5.768,-0.732,26,25,26,1,premium,4.5,1.5,1.0,0.0,1.5,0.5,"structure,sweep,freshness,killzone",False,h1_only,2026-03-25T17:00:00+00:00,BOS,Minor,False,True,False,,,,,False,18,LONG,True,07:00-16:30 UTC
USDCHF,2026-03-26T11:00:00+00:00,2026-03-26T11:00:00+00:00,2026-03-26T20:00:00+00:00,London,bullish,Minor BOS,proximal,0.79282,0.79125,0.79561,0.7958,1.78,1.9,tp2,0.7958,1.898,1.78,1.9,474.5,1.981,-0.694,9,8,9,3,premium,3.5,1.5,0.0,0.0,1.5,0.5,"structure,freshness,killzone",False,h1_only,2026-03-26T08:00:00+00:00,BOS,Minor,False,False,False,,,,,False,11,LONG,False,07:00-16:30 UTC
USDCHF,2026-03-26T11:00:00+00:00,2026-03-26T11:00:00+00:00,2026-03-26T20:00:00+00:00,London,bullish,Minor BOS,50pct,0.79214,0.79125,0.79561,0.7958,3.899,4.112,tp2,0.7958,4.112,3.899,4.112,1028.0,4.258,-0.461,9,8,9,3,premium,3.5,1.5,0.0,0.0,1.5,0.5,"structure,freshness,killzone",False,h1_only,2026-03-26T08:00:00+00:00,BOS,Minor,False,False,False,,,,,False,11,LONG,False,07:00-16:30 UTC
USDCHF,2026-03-26T15:00:00+00:00,2026-03-26T15:00:00+00:00,2026-03-26T21:00:00+00:00,NY,bullish,Minor BOS,proximal,0.79366,0.79215,0.79593,0.798,1.5,2.87,sl,0.79366,0.0,1.5,0.0,0.0,1.503,-0.603,6,5,-1,1,premium,3.5,1.5,0.0,0.0,1.5,0.5,"structure,freshness,killzone",False,h1_only,2026-03-26T14:00:00+00:00,BOS,Minor,False,False,False,,,,,False,15,LONG,False,07:00-16:30 UTC
USDCHF,2026-03-26T15:00:00+00:00,2026-03-26T15:00:00+00:00,2026-03-27T18:00:00+00:00,NY,bullish,Minor BOS,50pct,0.793,0.79215,0.79593,0.798,3.447,5.882,tp2,0.798,5.882,3.447,5.882,1470.5,6.729,-0.294,27,5,27,1,premium,3.5,1.5,0.0,0.0,1.5,0.5,"structure,freshness,killzone",False,h1_only,2026-03-26T14:00:00+00:00,BOS,Minor,False,False,False,,,,,False,15,LONG,False,07:00-16:30 UTC
USDCHF,2026-03-26T23:00:00+00:00,2026-03-26T23:00:00+00:00,2026-03-31T00:00:00+00:00,Other,bullish,Minor BOS,proximal,0.79547,0.79328,0.80008,0.8013,2.11,2.66,window_end,0.7988100051879883,1.525,2.11,1.525,381.25,2.662,-0.543,48,23,-1,2,premium,2.2,1.5,0.0,0.0,0.75,0.0,"structure,freshness",False,h1_only,2026-03-26T21:00:00+00:00,BOS,Minor,False,False,False,,,,,True,23,LONG,True,07:00-16:30 UTC
USDCHF,2026-03-26T23:00:00+00:00,2026-03-26T23:00:00+00:00,2026-03-31T00:00:00+00:00,Other,bullish,Minor BOS,50pct,0.79447,0.79328,0.80008,0.8013,4.714,5.739,window_end,0.7988100051879883,3.647,4.714,3.647,911.75,5.739,-0.16,48,23,-1,2,premium,2.2,1.5,0.0,0.0,0.75,0.0,"structure,freshness",False,h1_only,2026-03-26T21:00:00+00:00,BOS,Minor,False,False,False,,,,,True,23,LONG,True,07:00-16:30 UTC
USDCHF,2026-03-27T07:00:00+00:00,2026-03-27T13:00:00+00:00,2026-03-29T23:00:00+00:00,London,bullish,Major BOS,proximal,0.7957,0.79492,0.798,0.80008,2.95,5.62,tp2,0.80008,5.615,2.95,5.62,1403.75,5.615,-0.615,9,5,9,3,premium,4.5,2.5,0.0,0.0,1.5,0.5,"structure,freshness,killzone",False,h1_only,2026-03-27T04:00:00+00:00,BOS,Major,False,False,False,,,,,False,7,LONG,False,07:00-16:30 UTC
USDCHF,2026-03-27T07:00:00+00:00,2026-03-27T14:00:00+00:00,2026-03-29T23:00:00+00:00,London,bullish,Major BOS,50pct,0.79541,0.79492,0.798,0.80008,5.286,9.531,tp2,0.80008,9.531,5.286,9.531,2382.75,9.531,-0.388,8,4,8,3,premium,4.5,2.5,0.0,0.0,1.5,0.5,"structure,freshness,killzone",False,h1_only,2026-03-27T04:00:00+00:00,BOS,Major,False,False,False,,,,,False,7,LONG,False,07:00-16:30 UTC
NAS100,2026-03-04T14:00:00+00:00,2026-03-04T14:00:00+00:00,2026-03-04T15:00:00+00:00,NY,bullish,Minor BOS,proximal,24895.0,24799.25,25040.0,25054.0,1.51,1.66,tp2,25054.0,1.661,1.51,1.66,415.25,2.648,-0.721,1,1,1,3,discount,3.5,1.5,0.0,0.0,1.5,0.5,"structure,freshness,killzone",False,h1_only,2026-03-04T11:00:00+00:00,BOS,Minor,False,False,False,,,,,False,14,LONG,False,13:30-20:30 UTC
NAS100,2026-03-04T14:00:00+00:00,2026-03-04T14:00:00+00:00,2026-03-04T15:00:00+00:00,NY,bullish,Minor BOS,50pct,24848.12,24799.25,25040.0,25054.0,3.926,4.213,tp2,25054.0,4.213,3.926,4.213,1053.25,6.147,-0.453,1,1,1,3,discount,3.5,1.5,0.0,0.0,1.5,0.5,"structure,freshness,killzone",False,h1_only,2026-03-04T11:00:00+00:00,BOS,Minor,False,False,False,,,,,False,14,LONG,False,13:30-20:30 UTC
NAS100,2026-03-04T21:00:00+00:00,2026-03-04T21:00:00+00:00,2026-03-04T21:00:00+00:00,Other,bullish,Minor BOS,proximal,25195.25,25111.5,25345.5,25346.5,1.79,1.81,sl,25111.5,-1.0,-1.0,-1.0,-250.0,0.0,-1.227,0,-1,-1,1,discount,3.0,1.5,0.0,0.0,1.5,0.0,"structure,freshness",False,h1_only,2026-03-04T20:00:00+00:00,BOS,Minor,False,False,False,,,,,True,21,LONG,True,13:30-20:30 UTC
NAS100,2026-03-04T21:00:00+00:00,2026-03-04T21:00:00+00:00,2026-03-04T21:00:00+00:00,Other,bullish,Minor BOS,50pct,25154.38,25111.5,25345.5,25346.5,4.457,4.48,sl,25111.5,-1.0,-1.0,-1.0,-250.0,0.207,-1.443,0,-1,-1,1,discount,3.0,1.5,0.0,0.0,1.5,0.0,"structure,freshness",False,h1_only,2026-03-04T20:00:00+00:00,BOS,Minor,False,False,False,,,,,True,21,LONG,True,13:30-20:30 UTC
NAS100,2026-03-09T14:00:00+00:00,2026-03-09T14:00:00+00:00,2026-03-09T14:00:00+00:00,NY,bullish,Minor BOS,proximal,24434.25,24338.0,24616.25,24650.25,1.89,2.24,sl,24338.0,-1.0,-1.0,-1.0,-250.0,1.571,-1.187,0,-1,-1,4,discount,3.5,1.5,0.0,0.0,1.5,0.5,"structure,freshness,killzone",False,h1_only,2026-03-09T10:00:00+00:00,BOS,Minor,False,False,False,,,,,False,14,LONG,False,13:30-20:30 UTC
NAS100,2026-03-09T14:00:00+00:00,2026-03-09T14:00:00+00:00,2026-03-09T14:00:00+00:00,NY,bullish,Minor BOS,50pct,24387.12,24338.0,24616.25,24650.25,4.665,5.357,sl,24338.0,-1.0,-1.0,-1.0,-250.0,4.039,-1.366,0,-1,-1,4,discount,3.5,1.5,0.0,0.0,1.5,0.5,"structure,freshness,killzone",False,h1_only,2026-03-09T10:00:00+00:00,BOS,Minor,False,False,False,,,,,False,14,LONG,False,13:30-20:30 UTC
NAS100,2026-03-09T18:00:00+00:00,2026-03-09T18:00:00+00:00,2026-03-09T19:00:00+00:00,NY,bullish,Minor BOS,proximal,24712.25,24573.75,24926.25,24928.0,1.55,1.56,tp2,24928.0,1.558,1.55,1.56,389.5,2.496,-0.745,1,1,1,1,discount,3.5,1.5,0.0,0.0,1.5,0.5,"structure,freshness,killzone",False,h1_only,2026-03-09T17:00:00+00:00,BOS,Minor,False,False,False,,,,,False,18,LONG,False,13:30-20:30 UTC
NAS100,2026-03-09T18:00:00+00:00,2026-03-09T18:00:00+00:00,2026-03-09T19:00:00+00:00,NY,bullish,Minor BOS,50pct,24644.0,24573.75,24926.25,24928.0,4.018,4.043,tp2,24928.0,4.043,4.018,4.043,1010.75,5.893,-0.498,1,1,1,1,discount,3.5,1.5,0.0,0.0,1.5,0.5,"structure,freshness,killzone",False,h1_only,2026-03-09T17:00:00+00:00,BOS,Minor,False,False,False,,,,,False,18,LONG,False,13:30-20:30 UTC
NAS100,2026-03-09T22:00:00+00:00,2026-03-09T22:00:00+00:00,2026-03-09T22:00:00+00:00,Other,bullish,Minor BOS,proximal,25025.75,24905.5,25209.75,25210.5,1.53,1.54,sl,24905.5,-1.0,-1.0,-1.0,-250.0,0.0,-1.295,0,-1,-1,1,discount,3.0,1.5,0.0,0.0,1.5,0.0,"structure,freshness",False,h1_only,2026-03-09T20:00:00+00:00,BOS,Minor,False,False,False,,,,,True,22,LONG,True,13:30-20:30 UTC
NAS100,2026-03-09T22:00:00+00:00,2026-03-09T22:00:00+00:00,2026-03-09T22:00:00+00:00,Other,bullish,Minor BOS,50pct,24966.62,24905.5,25209.75,25210.5,3.978,3.99,sl,24905.5,-1.0,-1.0,-1.0,-250.0,0.243,-1.581,0,-1,-1,1,discount,3.0,1.5,0.0,0.0,1.5,0.0,"structure,freshness",False,h1_only,2026-03-09T20:00:00+00:00,BOS,Minor,False,False,False,,,,,True,22,LONG,True,13:30-20:30 UTC
NAS100,2026-03-10T07:00:00+00:00,2026-03-10T07:00:00+00:00,2026-03-10T08:00:00+00:00,London,bullish,Minor BOS,proximal,24963.0,24852.75,25139.5,25141.5,1.6,1.62,tp2,25141.5,1.619,1.6,1.62,404.75,1.701,-0.218,1,1,1,4,discount,3.6,1.5,0.0,0.6,1.5,0.0,"structure,fvg,freshness",False,h1_only,2026-03-10T03:00:00+00:00,BOS,Minor,True,False,False,,,,,True,7,LONG,True,13:30-20:30 UTC
NAS100,2026-03-10T07:00:00+00:00,2026-03-10T12:00:00+00:00,2026-03-10T14:00:00+00:00,London,bullish,Minor BOS,50pct,24908.88,24852.75,25139.5,25141.5,4.109,4.144,tp2,25141.5,4.144,4.109,4.144,1036.0,4.345,-0.301,2,2,2,4,discount,3.6,1.5,0.0,0.6,1.5,0.0,"structure,fvg,freshness",False,h1_only,2026-03-10T03:00:00+00:00,BOS,Minor,True,False,False,,,,,True,7,LONG,True,13:30-20:30 UTC
NAS100,2026-03-16T15:00:00+00:00,2026-03-16T15:00:00+00:00,2026-03-16T19:00:00+00:00,NY,bullish,Minor BOS,proximal,24764.5,24608.75,24999.0,25004.0,1.51,1.54,tp2,25004.0,1.538,1.51,1.54,384.5,1.737,-0.751,4,4,4,1,discount,3.5,1.5,0.0,0.0,1.5,0.5,"structure,freshness,killzone",False,h1_only,2026-03-16T14:00:00+00:00,BOS,Minor,False,False,False,,,,,False,15,LONG,False,13:30-20:30 UTC
NAS100,2026-03-16T15:00:00+00:00,2026-03-16T15:00:00+00:00,2026-03-16T19:00:00+00:00,NY,bullish,Minor BOS,50pct,24687.62,24608.75,24999.0,25004.0,3.948,4.011,tp2,25004.0,4.011,3.948,4.011,1002.75,4.404,-0.509,4,4,4,1,discount,3.5,1.5,0.0,0.0,1.5,0.5,"structure,freshness,killzone",False,h1_only,2026-03-16T14:00:00+00:00,BOS,Minor,False,False,False,,,,,False,15,LONG,False,13:30-20:30 UTC
NAS100,2026-03-17T06:00:00+00:00,2026-03-19T08:00:00+00:00,2026-03-19T08:00:00+00:00,Asia,bullish,Minor BOS,proximal,24536.25,24476.0,24650.25,24660.5,1.89,2.06,window_end,24546.0,0.162,0.162,0.162,40.5,0.95,-0.51,0,-1,-1,20,discount,4.2,1.5,0.0,1.2,1.5,0.0,"structure,fvg,freshness",False,h1_only,2026-03-16T09:00:00+00:00,BOS,Minor,True,False,False,,,,,True,6,LONG,True,13:30-20:30 UTC
NAS100,2026-03-17T06:00:00+00:00,2026-03-19T08:00:00+00:00,2026-03-19T08:00:00+00:00,Asia,bullish,Minor BOS,50pct,24507.12,24476.0,24650.25,24660.5,4.599,4.929,window_end,24546.0,1.249,1.249,1.249,312.25,2.776,-0.052,0,-1,-1,20,discount,4.2,1.5,0.0,1.2,1.5,0.0,"structure,fvg,freshness",False,h1_only,2026-03-16T09:00:00+00:00,BOS,Minor,True,False,False,,,,,True,6,LONG,True,13:30-20:30 UTC
NAS100,2026-03-17T12:00:00+00:00,2026-03-17T12:00:00+00:00,2026-03-17T13:00:00+00:00,London,bullish,Minor BOS,proximal,24860.25,24810.5,24936.0,24954.0,1.52,1.88,tp2,24954.0,1.884,1.52,1.88,471.0,5.161,-0.955,1,0,1,1,discount,3.0,1.5,0.0,0.0,1.5,0.0,"structure,freshness",False,h1_only,2026-03-17T11:00:00+00:00,BOS,Minor,False,False,False,,,,,True,12,LONG,True,13:30-20:30 UTC
NAS100,2026-03-17T12:00:00+00:00,2026-03-17T12:00:00+00:00,2026-03-17T13:00:00+00:00,London,bullish,Minor BOS,50pct,24836.38,24810.5,24936.0,24954.0,3.849,4.545,tp2,24954.0,4.545,3.849,4.545,1136.25,10.843,-0.913,1,0,1,1,discount,3.0,1.5,0.0,0.0,1.5,0.0,"structure,freshness",False,h1_only,2026-03-17T11:00:00+00:00,BOS,Minor,False,False,False,,,,,True,12,LONG,True,13:30-20:30 UTC
NAS100,2026-03-18T04:00:00+00:00,2026-03-18T12:00:00+00:00,2026-03-18T12:00:00+00:00,Asia,bullish,Minor BOS,proximal,25028.25,24988.75,25098.75,25099.0,1.78,1.79,sl_collision,24988.75,-1.0,1.78,1.79,-250.0,2.297,-4.013,0,0,0,6,discount,4.2,1.5,0.0,1.2,1.5,0.0,"structure,fvg,freshness",True,h1_only,2026-03-17T22:00:00+00:00,BOS,Minor,True,False,False,,,,,True,4,LONG,True,13:30-20:30 UTC
NAS100,2026-03-18T04:00:00+00:00,2026-03-18T12:00:00+00:00,2026-03-18T12:00:00+00:00,Asia,bullish,Minor BOS,50pct,25009.5,24988.75,25098.75,25099.0,4.301,4.313,sl_collision,24988.75,-1.0,4.301,4.313,-250.0,5.277,-6.735,0,0,0,6,discount,4.2,1.5,0.0,1.2,1.5,0.0,"structure,fvg,freshness",True,h1_only,2026-03-17T22:00:00+00:00,BOS,Minor,True,False,False,,,,,True,4,LONG,True,13:30-20:30 UTC
NAS100,2026-03-18T08:00:00+00:00,2026-03-18T08:00:00+00:00,2026-03-18T08:00:00+00:00,London,bullish,Minor BOS,proximal,25188.75,25156.5,25250.0,25345.5,1.9,4.86,sl,25156.5,-1.0,-1.0,-1.0,-250.0,0.0,-1.093,0,-1,-1,1,discount,3.0,1.5,0.0,0.0,1.5,0.0,"structure,freshness",False,h1_only,2026-03-18T07:00:00+00:00,BOS,Minor,False,False,False,,,,,True,8,LONG,True,13:30-20:30 UTC
NAS100,2026-03-18T08:00:00+00:00,2026-03-18T08:00:00+00:00,2026-03-18T08:00:00+00:00,London,bullish,Minor BOS,50pct,25173.62,25156.5,25250.0,25345.5,4.461,10.04,sl,25156.5,-1.0,-1.0,-1.0,-250.0,0.723,-1.175,0,-1,-1,1,discount,3.0,1.5,0.0,0.0,1.5,0.0,"structure,freshness",False,h1_only,2026-03-18T07:00:00+00:00,BOS,Minor,False,False,False,,,,,True,8,LONG,True,13:30-20:30 UTC
NAS100,2026-03-23T12:00:00+00:00,,,London,bullish,Minor BOS,proximal,23971.5,23843.25,24242.5,24421.25,2.11,3.51,never_filled,,0.0,0.0,0.0,0.0,0.0,0.0,0,-1,-1,3,discount,4.2,1.5,0.0,1.2,1.5,0.0,"structure,fvg,freshness",False,h1_only,2026-03-23T09:00:00+00:00,BOS,Minor,True,False,False,,,,,True,12,LONG,True,13:30-20:30 UTC
NAS100,2026-03-23T12:00:00+00:00,,,London,bullish,Minor BOS,50pct,23908.38,23843.25,24242.5,24421.25,5.13,7.875,never_filled,,0.0,0.0,0.0,0.0,0.0,0.0,0,-1,-1,3,discount,4.2,1.5,0.0,1.2,1.5,0.0,"structure,fvg,freshness",False,h1_only,2026-03-23T09:00:00+00:00,BOS,Minor,True,False,False,,,,,True,12,LONG,True,13:30-20:30 UTC
GOLD,2026-03-02T00:00:00+00:00,2026-03-02T16:00:00+00:00,2026-03-03T06:00:00+00:00,Asia,bullish,Minor BOS,proximal,5299.0,5247.4,5394.2,5409.7,1.84,2.15,sl,5299.0,0.0,1.84,0.0,0.0,1.845,-0.506,13,8,-1,2,premium,4.2,1.5,0.0,1.2,1.5,0.0,"structure,fvg,freshness",False,h1_only,2026-02-27T21:00:00+00:00,BOS,Minor,True,False,False,,,,,True,0,LONG,True,12:30-20:30 UTC
GOLD,2026-03-02T00:00:00+00:00,2026-03-02T16:00:00+00:00,2026-03-03T09:00:00+00:00,Asia,bullish,Minor BOS,50pct,5273.45,5247.4,5394.2,5409.7,4.635,5.23,sl,5273.45,0.0,4.635,0.0,0.0,4.635,-1.438,16,8,-1,2,premium,4.2,1.5,0.0,1.2,1.5,0.0,"structure,fvg,freshness",False,h1_only,2026-02-27T21:00:00+00:00,BOS,Minor,True,False,False,,,,,True,0,LONG,True,12:30-20:30 UTC
GOLD,2026-03-02T02:00:00+00:00,2026-03-02T02:00:00+00:00,2026-03-02T02:00:00+00:00,Asia,bullish,Minor BOS,proximal,5402.0,5353.4,5480.2,5581.3,1.61,3.69,sl,5353.4,-1.0,-1.0,-1.0,-250.0,0.0,-1.498,0,-1,-1,2,premium,2.2,1.5,0.0,0.0,0.75,0.0,"structure,freshness",False,h1_only,2026-03-02T00:00:00+00:00,BOS,Minor,False,False,False,,,,,True,2,LONG,True,12:30-20:30 UTC
GOLD,2026-03-02T02:00:00+00:00,2026-03-02T02:00:00+00:00,2026-03-02T02:00:00+00:00,Asia,bullish,Minor BOS,50pct,5377.95,5353.4,5480.2,5581.3,4.165,8.283,sl,5353.4,-1.0,-1.0,-1.0,-250.0,0.0,-1.986,0,-1,-1,2,premium,2.2,1.5,0.0,0.0,0.75,0.0,"structure,freshness",False,h1_only,2026-03-02T00:00:00+00:00,BOS,Minor,False,False,False,,,,,True,2,LONG,True,12:30-20:30 UTC
GOLD,2026-03-03T10:00:00+00:00,2026-03-03T11:00:00+00:00,2026-03-03T11:00:00+00:00,London,bullish,Minor BOS,proximal,5131.0,5080.4,5207.5,5210.1,1.51,1.56,tp2,5210.1,1.563,1.51,1.56,390.75,2.842,-0.98,0,0,0,150,premium,2.6,1.5,0.0,0.6,0.0,0.5,"structure,fvg,killzone",False,h1_only,2026-02-20T21:00:00+00:00,BOS,Minor,True,False,False,,,,,False,10,LONG,True,12:30-20:30 UTC
GOLD,2026-03-03T10:00:00+00:00,2026-03-03T11:00:00+00:00,2026-03-03T11:00:00+00:00,London,bullish,Minor BOS,50pct,5105.95,5080.4,5207.5,5210.1,3.975,4.076,tp2,5210.1,4.076,3.975,4.076,1019.0,6.609,-0.961,0,0,0,150,premium,2.6,1.5,0.0,0.6,0.0,0.5,"structure,fvg,killzone",False,h1_only,2026-02-20T21:00:00+00:00,BOS,Minor,True,False,False,,,,,False,10,LONG,True,12:30-20:30 UTC
GOLD,2026-03-09T19:00:00+00:00,,,NY,bullish,Minor BOS,proximal,5115.5,5097.2,5144.5,5147.6,1.58,1.75,never_filled,,0.0,0.0,0.0,0.0,0.0,0.0,0,-1,-1,2,premium,4.2,1.5,0.0,1.2,1.5,0.0,"structure,fvg,freshness",False,h1_only,2026-03-09T17:00:00+00:00,BOS,Minor,True,False,False,,,,,True,19,LONG,False,12:30-20:30 UTC
GOLD,2026-03-09T19:00:00+00:00,,,NY,bullish,Minor BOS,50pct,5106.6,5097.2,5144.5,5147.6,4.032,4.362,never_filled,,0.0,0.0,0.0,0.0,0.0,0.0,0,-1,-1,2,premium,4.2,1.5,0.0,1.2,1.5,0.0,"structure,fvg,freshness",False,h1_only,2026-03-09T17:00:00+00:00,BOS,Minor,True,False,False,,,,,True,19,LONG,False,12:30-20:30 UTC
GOLD,2026-03-10T01:00:00+00:00,2026-03-10T01:00:00+00:00,2026-03-10T01:00:00+00:00,Asia,bullish,Minor BOS,proximal,5165.6,5145.1,5197.8,5198.8,1.57,1.62,sl,5145.1,-1.0,-1.0,-1.0,-250.0,1.444,-1.541,0,-1,-1,2,premium,2.2,1.5,0.0,0.0,0.75,0.0,"structure,freshness",False,h1_only,2026-03-09T23:00:00+00:00,BOS,Minor,False,False,False,,,,,True,1,LONG,True,12:30-20:30 UTC
GOLD,2026-03-10T01:00:00+00:00,2026-03-10T01:00:00+00:00,2026-03-10T01:00:00+00:00,Asia,bullish,Minor BOS,50pct,5155.6,5145.1,5197.8,5198.8,4.019,4.114,sl,5145.1,-1.0,-1.0,-1.0,-250.0,3.771,-2.057,0,-1,-1,2,premium,2.2,1.5,0.0,0.0,0.75,0.0,"structure,freshness",False,h1_only,2026-03-09T23:00:00+00:00,BOS,Minor,False,False,False,,,,,True,1,LONG,True,12:30-20:30 UTC
GOLD,2026-03-10T04:00:00+00:00,2026-03-10T04:00:00+00:00,2026-03-10T04:00:00+00:00,Asia,bullish,Minor BOS,proximal,5181.9,5162.5,5217.5,5218.2,1.84,1.87,sl,5162.5,-1.0,-1.0,-1.0,-250.0,0.0,-1.005,0,-1,-1,1,premium,3.0,1.5,0.0,0.0,1.5,0.0,"structure,freshness",False,h1_only,2026-03-10T03:00:00+00:00,BOS,Minor,False,False,False,,,,,False,4,LONG,True,12:30-20:30 UTC
GOLD,2026-03-10T04:00:00+00:00,2026-03-10T04:00:00+00:00,2026-03-10T04:00:00+00:00,Asia,bullish,Minor BOS,50pct,5172.45,5162.5,5217.5,5218.2,4.528,4.598,sl,5162.5,-1.0,-1.0,-1.0,-250.0,0.286,-1.01,0,-1,-1,1,premium,3.0,1.5,0.0,0.0,1.5,0.0,"structure,freshness",False,h1_only,2026-03-10T03:00:00+00:00,BOS,Minor,False,False,False,,,,,False,4,LONG,True,12:30-20:30 UTC
GOLD,2026-03-10T07:00:00+00:00,2026-03-11T22:00:00+00:00,2026-03-11T22:00:00+00:00,London,bullish,Minor BOS,proximal,5151.1,5134.3,5180.6,5182.0,1.76,1.84,tp2,5182.0,1.839,1.76,1.84,459.75,2.304,-0.958,0,0,0,7,premium,4.1,1.5,0.0,0.6,1.5,0.5,"structure,fvg,freshness,killzone",False,h1_only,2026-03-10T00:00:00+00:00,BOS,Minor,True,False,False,,,,,False,7,LONG,True,12:30-20:30 UTC
GOLD,2026-03-10T07:00:00+00:00,2026-03-11T22:00:00+00:00,2026-03-11T22:00:00+00:00,London,bullish,Minor BOS,50pct,5142.95,5134.3,5180.6,5182.0,4.353,4.514,tp2,5182.0,4.514,4.353,4.514,1128.5,5.416,-0.919,0,0,0,7,premium,4.1,1.5,0.0,0.6,1.5,0.5,"structure,fvg,freshness,killzone",False,h1_only,2026-03-10T00:00:00+00:00,BOS,Minor,True,False,False,,,,,False,7,LONG,True,12:30-20:30 UTC
GOLD,2026-03-12T09:00:00+00:00,2026-03-12T09:00:00+00:00,2026-03-12T09:00:00+00:00,London,bullish,Minor BOS,proximal,5195.9,5180.9,5221.9,5230.0,1.73,2.27,sl,5180.9,-1.0,-1.0,-1.0,-250.0,0.02,-1.073,0,-1,-1,1,premium,3.5,1.5,0.0,0.0,1.5,0.5,"structure,freshness,killzone",False,h1_only,2026-03-12T08:00:00+00:00,BOS,Minor,False,False,False,,,,,False,9,LONG,True,12:30-20:30 UTC
GOLD,2026-03-12T09:00:00+00:00,2026-03-12T09:00:00+00:00,2026-03-12T09:00:00+00:00,London,bullish,Minor BOS,50pct,5188.65,5180.9,5221.9,5230.0,4.29,5.335,sl,5180.9,-1.0,-1.0,-1.0,-250.0,0.974,-1.142,0,-1,-1,1,premium,3.5,1.5,0.0,0.0,1.5,0.5,"structure,freshness,killzone",False,h1_only,2026-03-12T08:00:00+00:00,BOS,Minor,False,False,False,,,,,False,9,LONG,True,12:30-20:30 UTC
GOLD,2026-03-17T04:00:00+00:00,2026-03-17T04:00:00+00:00,2026-03-17T06:00:00+00:00,Asia,bullish,Minor BOS,proximal,5034.1,5023.6,5063.0,5067.6,2.75,3.19,sl,5023.6,-1.0,-1.0,-1.0,-250.0,1.457,-2.39,2,-1,-1,2,premium,3.0,1.5,0.0,0.0,1.5,0.0,"structure,freshness",False,h1_only,2026-03-17T02:00:00+00:00,BOS,Minor,False,False,False,,,,,False,4,LONG,True,12:30-20:30 UTC
GOLD,2026-03-17T04:00:00+00:00,2026-03-17T05:00:00+00:00,2026-03-17T06:00:00+00:00,Asia,bullish,Minor BOS,50pct,5029.1,5023.6,5063.0,5067.6,6.164,7.0,sl,5023.6,-1.0,-1.0,-1.0,-250.0,3.691,-3.655,1,-1,-1,2,premium,3.0,1.5,0.0,0.0,1.5,0.0,"structure,freshness",False,h1_only,2026-03-17T02:00:00+00:00,BOS,Minor,False,False,False,,,,,False,4,LONG,True,12:30-20:30 UTC
GOLD,2026-03-19T13:00:00+00:00,,,NY,bearish,Major CHoCH,proximal,4842.6,4863.9,4806.0,4805.0,1.72,1.77,never_filled,,0.0,0.0,0.0,0.0,0.0,0.0,0,-1,-1,11,premium,8.0,3.0,1.75,1.2,1.5,0.5,"structure,sweep,fvg,freshness,killzone",False,h1_only,2026-03-19T02:00:00+00:00,CHoCH,Major,True,True,False,,,,,False,13,SHORT,False,12:30-20:30 UTC
GOLD,2026-03-19T13:00:00+00:00,,,NY,bearish,Major CHoCH,50pct,4853.0,4863.9,4806.0,4805.0,4.312,4.404,never_filled,,0.0,0.0,0.0,0.0,0.0,0.0,0,-1,-1,11,premium,8.0,3.0,1.75,1.2,1.5,0.5,"structure,sweep,fvg,freshness,killzone",False,h1_only,2026-03-19T02:00:00+00:00,CHoCH,Major,True,True,False,,,,,False,13,SHORT,False,12:30-20:30 UTC
GOLD,2026-03-23T00:00:00+00:00,2026-03-24T23:00:00+00:00,2026-03-25T02:00:00+00:00,Asia,bearish,Major BOS,proximal,4554.0,4616.8,4444.7,4432.2,1.74,1.94,window_end,4581.89990234375,-0.444,-0.444,-0.444,-111.0,1.252,-0.748,3,-1,-1,7,discount,4.6,2.5,0.0,0.6,1.5,0.0,"structure,fvg,freshness",False,h1_only,2026-03-20T16:00:00+00:00,BOS,Major,True,False,False,,,,,True,0,SHORT,True,12:30-20:30 UTC
GOLD,2026-03-23T00:00:00+00:00,2026-03-25T01:00:00+00:00,2026-03-25T02:00:00+00:00,Asia,bearish,Major BOS,50pct,4585.15,4616.8,4444.7,4432.2,4.438,4.833,window_end,4581.89990234375,0.103,0.103,0.103,25.75,1.006,-0.501,1,-1,-1,7,equilibrium,4.6,2.5,0.0,0.6,1.5,0.0,"structure,fvg,freshness",False,h1_only,2026-03-20T16:00:00+00:00,BOS,Major,True,False,False,,,,,True,0,SHORT,True,12:30-20:30 UTC
GOLD,2026-03-25T11:00:00+00:00,,,London,bearish,Major BOS,proximal,4638.2,4676.5,4519.5,4505.0,3.1,3.48,never_filled,,0.0,0.0,0.0,0.0,0.0,0.0,0,-1,-1,69,premium,5.7,2.5,0.0,1.2,1.5,0.5,"structure,fvg,freshness,killzone",False,h1_only,2026-03-20T11:00:00+00:00,BOS,Major,True,False,False,,,,,False,11,SHORT,True,12:30-20:30 UTC
GOLD,2026-03-25T11:00:00+00:00,,,London,bearish,Major BOS,50pct,4657.1,4676.5,4519.5,4505.0,7.093,7.84,never_filled,,0.0,0.0,0.0,0.0,0.0,0.0,0,-1,-1,69,premium,5.7,2.5,0.0,1.2,1.5,0.5,"structure,fvg,freshness,killzone",False,h1_only,2026-03-20T11:00:00+00:00,BOS,Major,True,False,False,,,,,False,11,SHORT,True,12:30-20:30 UTC
GOLD,2026-03-25T20:00:00+00:00,2026-03-25T20:00:00+00:00,2026-03-26T06:00:00+00:00,NY,bearish,Minor BOS,proximal,4531.2,4578.1,4444.7,4432.2,1.84,2.11,tp2,4432.2,2.111,1.84,2.11,527.75,2.539,-0.222,9,8,9,6,discount,3.0,1.5,0.0,0.0,1.5,0.0,"structure,freshness",False,h1_only,2026-03-25T14:00:00+00:00,BOS,Minor,False,False,False,,,,,True,20,SHORT,False,12:30-20:30 UTC
GOLD,2026-03-25T20:00:00+00:00,2026-03-27T15:00:00+00:00,2026-03-27T15:00:00+00:00,NY,bearish,Minor BOS,50pct,4554.4,4578.1,4444.7,4432.2,4.629,5.156,sl,4578.1,-1.0,-1.0,-1.0,-250.0,0.962,-1.304,0,-1,-1,6,discount,3.0,1.5,0.0,0.0,1.5,0.0,"structure,freshness",False,h1_only,2026-03-25T14:00:00+00:00,BOS,Minor,False,False,False,,,,,True,20,SHORT,False,12:30-20:30 UTC
GOLD,2026-03-26T05:00:00+00:00,2026-03-26T05:00:00+00:00,2026-03-26T05:00:00+00:00,Asia,bearish,Minor BOS,proximal,4508.0,4521.4,4484.3,4478.4,1.77,2.21,tp2,4478.4,2.209,1.77,2.21,552.25,5.455,-0.799,0,0,0,1,discount,3.0,1.5,0.0,0.0,1.5,0.0,"structure,freshness",False,h1_only,2026-03-26T04:00:00+00:00,BOS,Minor,False,False,False,,,,,False,5,SHORT,True,12:30-20:30 UTC
GOLD,2026-03-26T05:00:00+00:00,2026-03-26T05:00:00+00:00,2026-03-26T05:00:00+00:00,Asia,bearish,Minor BOS,50pct,4514.45,4521.4,4484.3,4478.4,4.338,5.187,tp2,4478.4,5.187,4.338,5.187,1296.75,11.446,-0.612,0,0,0,1,discount,3.0,1.5,0.0,0.0,1.5,0.0,"structure,freshness",False,h1_only,2026-03-26T04:00:00+00:00,BOS,Minor,False,False,False,,,,,False,5,SHORT,True,12:30-20:30 UTC
GOLD,2026-03-26T07:00:00+00:00,2026-03-26T07:00:00+00:00,2026-03-26T07:00:00+00:00,London,bearish,Minor BOS,proximal,4412.1,4456.9,4322.0,4306.3,2.01,2.36,sl,4456.9,-1.0,-1.0,-1.0,-250.0,0.0,-1.08,0,-1,-1,1,discount,3.5,1.5,0.0,0.0,1.5,0.5,"structure,freshness,killzone",False,h1_only,2026-03-26T06:00:00+00:00,BOS,Minor,False,False,False,,,,,False,7,SHORT,True,12:30-20:30 UTC
GOLD,2026-03-26T07:00:00+00:00,2026-03-26T07:00:00+00:00,2026-03-26T07:00:00+00:00,London,bearish,Minor BOS,50pct,4434.25,4456.9,4322.0,4306.3,4.956,5.649,sl,4456.9,-1.0,-1.0,-1.0,-250.0,0.0,-1.159,0,-1,-1,1,discount,3.5,1.5,0.0,0.0,1.5,0.5,"structure,freshness,killzone",False,h1_only,2026-03-26T06:00:00+00:00,BOS,Minor,False,False,False,,,,,False,7,SHORT,True,12:30-20:30 UTC
GOLD,2026-03-26T16:00:00+00:00,2026-03-26T16:00:00+00:00,2026-03-27T02:00:00+00:00,NY,bearish,Minor BOS,proximal,4433.7,4477.1,4350.4,4348.2,1.92,1.97,sl,4433.7,0.0,1.92,0.0,0.0,1.97,-0.12,9,4,-1,2,discount,3.5,1.5,0.0,0.0,1.5,0.5,"structure,freshness,killzone",False,h1_only,2026-03-26T14:00:00+00:00,BOS,Minor,False,False,False,,,,,False,16,SHORT,False,12:30-20:30 UTC
GOLD,2026-03-26T16:00:00+00:00,2026-03-27T05:00:00+00:00,2026-03-27T07:00:00+00:00,NY,bearish,Minor BOS,50pct,4455.15,4477.1,4350.4,4348.2,4.772,4.872,sl,4477.1,-1.0,-1.0,-1.0,-250.0,0.932,-1.278,2,-1,-1,2,discount,3.5,1.5,0.0,0.0,1.5,0.5,"structure,freshness,killzone",False,h1_only,2026-03-26T14:00:00+00:00,BOS,Minor,False,False,False,,,,,False,16,SHORT,False,12:30-20:30 UTC
GOLD,2026-03-26T19:00:00+00:00,2026-03-26T19:00:00+00:00,2026-03-26T19:00:00+00:00,NY,bearish,Minor BOS,proximal,4363.7,4395.0,4306.3,4100.0,1.83,8.42,sl,4395.0,-1.0,-1.0,-1.0,-250.0,0.233,-1.029,0,-1,-1,1,discount,3.0,1.5,0.0,0.0,1.5,0.0,"structure,freshness",False,h1_only,2026-03-26T18:00:00+00:00,BOS,Minor,False,False,False,,,,,True,19,SHORT,False,12:30-20:30 UTC
GOLD,2026-03-26T19:00:00+00:00,2026-03-26T19:00:00+00:00,2026-03-26T19:00:00+00:00,NY,bearish,Minor BOS,50pct,4379.1,4395.0,4306.3,4100.0,4.579,17.553,sl,4395.0,-1.0,-1.0,-1.0,-250.0,1.428,-1.057,0,-1,-1,1,discount,3.0,1.5,0.0,0.0,1.5,0.0,"structure,freshness",False,h1_only,2026-03-26T18:00:00+00:00,BOS,Minor,False,False,False,,,,,True,19,SHORT,False,12:30-20:30 UTC
