setup_id,pair,alert_ts,fill_ts,exit_ts,session,direction,event,entry_zone,entry,sl_initial,tp1,tp2,tp1_rr,tp2_rr,exit_reason,exit_price,r_realised,r_if_exit_tp1,r_if_exit_tp2,pnl_usd,eligible_for_headline,headline_exclusion,mfe_r,mae_r,bars_to_exit,bars_to_tp1,bars_to_tp2,ob_age_h1_bars,pd_zone,reversal_pct,reversed_from_extreme,score,structure_pts,sweep_pts,fvg_pts,freshness_pts,killzone_pts,confluences_present,sl_collision,model,ob_timestamp,bos_tag,bos_tier,fvg_present,sweep_present,news_blocked,news_event_title,news_event_currency,news_event_source,news_event_ts,ist_blocked,alert_utc_hour,h1_trend,trend_alignment,alert_bar_ts,alert_seq,bos_timestamp,bias,pd_alignment,pd_pct,weekend_blocked,bos_sequence_count,break_tier,break_close_atr,break_excess,break_body_atr,fvg_state,ob_session,fill_session,ob_in_killzone,fill_in_killzone,killzone_alignment,killzone_blocked,killzone_windows
T0001,GBPUSD,2025-01-06T09:00:00+00:00,2025-01-08T09:00:00+00:00,2025-01-08T11:00:00+00:00,London,bullish,CHoCH CHoCH,proximal,1.24407,1.24276,1.25317,,8.2,,sl,1.24276,-1.0,-1.0,-1.0,-250.0,True,,1.0,-8.878,2,-1,-1,6,premium,0.0,False,7.0,3.0,0.0,2.0,2.0,0.0,"structure,fvg,freshness",False,h1_only,2025-01-06T03:00:00+00:00,CHoCH,CHoCH,True,False,False,,,,,False,9,bearish,against_trend,2025-01-06T08:00:00+00:00,1,2025-01-06T07:00:00+00:00,LONG,counter,68.0,False,0,marginal,4.89,1.33,1.99,fresh,Asia,London,False,True,Fill only,False,"London Open: 02:00-05:00 America/New_York, New York (forex): 07:00-10:00 America/New_York, London Close: 10:00-12:00 America/New_York"
T0002,GBPUSD,2025-01-06T09:00:00+00:00,2025-01-08T11:00:00+00:00,2025-01-08T11:00:00+00:00,London,bullish,CHoCH CHoCH,50pct,1.24362,1.24276,1.25317,,14.47,,sl,1.24276,-1.0,-1.0,-1.0,-250.0,True,,1.244,-13.0,0,-1,-1,6,premium,0.0,False,7.0,3.0,0.0,2.0,2.0,0.0,"structure,fvg,freshness",False,h1_only,2025-01-06T03:00:00+00:00,CHoCH,CHoCH,True,False,False,,,,,False,9,bearish,against_trend,2025-01-06T08:00:00+00:00,1,2025-01-06T07:00:00+00:00,LONG,counter,64.5,False,0,marginal,4.89,1.33,1.99,fresh,Asia,London,False,False,Neither,False,"London Open: 02:00-05:00 America/New_York, New York (forex): 07:00-10:00 America/New_York, London Close: 10:00-12:00 America/New_York"
T0003,GBPUSD,2025-01-06T12:00:00+00:00,,,London,bearish,CHoCH CHoCH,proximal,1.25887,1.2610999999999999,1.25524,1.25413,1.79,2.33,never_filled,,0.0,0.0,0.0,0.0,False,never_filled,0.0,0.0,0,-1,-1,97,premium,1.0,True,7.0,4.0,0.0,1.0,2.0,0.0,"structure,fvg,freshness",False,h1_only,2024-12-30T11:00:00+00:00,CHoCH,CHoCH,True,False,False,,,,,False,12,bearish,with_trend,2025-01-06T11:00:00+00:00,1,2024-12-30T15:00:00+00:00,SHORT,aligned,131.2,False,0,marginal,2.55,1.44,2.16,fresh,London,London,False,False,never_filled,False,"London Open: 02:00-05:00 America/New_York, New York (forex): 07:00-10:00 America/New_York, London Close: 10:00-12:00 America/New_York"
T0004,GBPUSD,2025-01-06T12:00:00+00:00,,,London,bearish,CHoCH CHoCH,50pct,1.25978,1.2610999999999999,1.25524,1.25413,4.054,5.045,never_filled,,0.0,0.0,0.0,0.0,False,never_filled,0.0,0.0,0,-1,-1,97,premium,1.0,True,7.0,4.0,0.0,1.0,2.0,0.0,"structure,fvg,freshness",False,h1_only,2024-12-30T11:00:00+00:00,CHoCH,CHoCH,True,False,False,,,,,False,12,bearish,with_trend,2025-01-06T11:00:00+00:00,1,2024-12-30T15:00:00+00:00,SHORT,aligned,145.7,False,0,marginal,2.55,1.44,2.16,fresh,London,London,False,False,never_filled,False,"London Open: 02:00-05:00 America/New_York, New York (forex): 07:00-10:00 America/New_York, London Close: 10:00-12:00 America/New_York"
T0005,GBPUSD,2025-01-06T12:00:00+00:00,2025-01-06T14:00:00+00:00,2025-01-06T14:00:00+00:00,London,bullish,CHoCH CHoCH,proximal,1.24912,1.24668,1.25317,,1.81,,sl,1.24668,-1.0,-1.0,-1.0,-250.0,True,,1.877,-1.057,0,-1,-1,3,premium,0.0,False,5.0,3.0,0.0,0.0,1.0,1.0,"structure,freshness",False,h1_only,2025-01-06T09:00:00+00:00,CHoCH,CHoCH,False,False,False,,,,,False,12,bearish,against_trend,2025-01-06T11:00:00+00:00,1,2025-01-06T10:00:00+00:00,LONG,counter,71.2,False,0,strong,3.88,2.67,4.0,no_fvg,London,NY,True,True,Both,False,"London Open: 02:00-05:00 America/New_York, New York (forex): 07:00-10:00 America/New_York, London Close: 10:00-12:00 America/New_York"
T0006,GBPUSD,2025-01-06T12:00:00+00:00,2025-01-06T14:00:00+00:00,2025-01-06T14:00:00+00:00,London,bullish,CHoCH CHoCH,50pct,1.2481,1.24668,1.25317,,4.156,,sl,1.24668,-1.0,-1.0,-1.0,-250.0,True,,3.944,-1.099,0,-1,-1,3,premium,0.0,False,5.0,3.0,0.0,0.0,1.0,1.0,"structure,freshness",False,h1_only,2025-01-06T09:00:00+00:00,CHoCH,CHoCH,False,False,False,,,,,False,12,bearish,against_trend,2025-01-06T11:00:00+00:00,1,2025-01-06T10:00:00+00:00,LONG,counter,65.9,False,0,strong,3.88,2.67,4.0,no_fvg,London,NY,True,True,Both,False,"London Open: 02:00-05:00 America/New_York, New York (forex): 07:00-10:00 America/New_York, London Close: 10:00-12:00 America/New_York"
T0007,GBPUSD,2025-01-07T12:00:00+00:00,2025-01-07T15:00:00+00:00,2025-01-07T15:00:00+00:00,London,bullish,Confirmation BOS,proximal,1.25188,1.2505,1.25387,,1.69,,sl,1.2505,-1.0,-1.0,-1.0,-250.0,True,,0.993,-2.797,0,-1,-1,11,premium,0.0,,8.0,4.0,0.0,2.0,2.0,0.0,"structure,fvg,freshness",False,h1_only,2025-01-06T23:00:00+00:00,BOS,Confirm,True,False,False,,,,,False,12,bullish,with_trend,2025-01-07T11:00:00+00:00,1,2025-01-07T10:00:00+00:00,LONG,counter,83.8,False,1,marginal,0.51,1.27,1.27,fresh,Other,NY,False,True,Fill only,False,"London Open: 02:00-05:00 America/New_York, New York (forex): 07:00-10:00 America/New_York, London Close: 10:00-12:00 America/New_York"
T0008,GBPUSD,2025-01-07T12:00:00+00:00,2025-01-07T15:00:00+00:00,2025-01-07T15:00:00+00:00,London,bullish,Confirmation BOS,50pct,1.25139,1.2505,1.25387,,3.594,,sl,1.2505,-1.0,-1.0,-1.0,-250.0,True,,2.09,-3.787,0,-1,-1,11,premium,0.0,,8.0,4.0,0.0,2.0,2.0,0.0,"structure,fvg,freshness",False,h1_only,2025-01-06T23:00:00+00:00,BOS,Confirm,True,False,False,,,,,False,12,bullish,with_trend,2025-01-07T11:00:00+00:00,1,2025-01-07T10:00:00+00:00,LONG,counter,81.4,False,1,marginal,0.51,1.27,1.27,fresh,Other,NY,False,True,Fill only,False,"London Open: 02:00-05:00 America/New_York, New York (forex): 07:00-10:00 America/New_York, London Close: 10:00-12:00 America/New_York"
T0009,GBPUSD,2025-01-08T08:00:00+00:00,,,London,bearish,CHoCH CHoCH,proximal,1.24845,1.24977,1.24677,,1.5,,never_filled,,0.0,0.0,0.0,0.0,False,never_filled,0.0,0.0,0,-1,-1,2,discount,1.0,True,6.0,4.0,0.0,0.0,2.0,0.0,"structure,freshness",False,h1_only,2025-01-08T06:00:00+00:00,CHoCH,CHoCH,False,False,False,,,,,False,8,bullish,against_trend,2025-01-08T07:00:00+00:00,1,2025-01-08T07:00:00+00:00,SHORT,counter,16.7,False,0,marginal,1.13,1.29,1.93,no_fvg,Asia,London,False,False,never_filled,False,"London Open: 02:00-05:00 America/New_York, New York (forex): 07:00-10:00 America/New_York, London Close: 10:00-12:00 America/New_York"
T0010,GBPUSD,2025-01-08T08:00:00+00:00,,,London,bearish,CHoCH CHoCH,50pct,1.24891,1.24977,1.24677,,3.242,,never_filled,,0.0,0.0,0.0,0.0,False,never_filled,0.0,0.0,0,-1,-1,2,discount,1.0,True,6.0,4.0,0.0,0.0,2.0,0.0,"structure,freshness",False,h1_only,2025-01-08T06:00:00+00:00,CHoCH,CHoCH,False,False,False,,,,,False,8,bullish,against_trend,2025-01-08T07:00:00+00:00,1,2025-01-08T07:00:00+00:00,SHORT,counter,21.2,False,0,marginal,1.13,1.29,1.93,no_fvg,Asia,London,False,False,never_filled,False,"London Open: 02:00-05:00 America/New_York, New York (forex): 07:00-10:00 America/New_York, London Close: 10:00-12:00 America/New_York"
T0011,GBPUSD,2025-01-08T17:00:00+00:00,,,NY,bearish,BOS BOS,proximal,1.24401,1.2457799999999999,1.24078,,2.06,,never_filled,,0.0,0.0,0.0,0.0,False,never_filled,0.0,0.0,0,-1,-1,8,discount,0.0,,7.0,3.0,0.0,2.0,1.0,1.0,"structure,fvg,freshness",False,h1_only,2025-01-08T09:00:00+00:00,BOS,BOS,True,False,False,,,,,False,17,bearish,with_trend,2025-01-08T16:00:00+00:00,1,2025-01-08T10:00:00+00:00,SHORT,counter,48.1,False,1,strong,0.75,2.7,2.7,fresh,London,NY,True,False,never_filled,True,"London Open: 02:00-05:00 America/New_York, New York (forex): 07:00-10:00 America/New_York, London Close: 10:00-12:00 America/New_York"
T0012,GBPUSD,2025-01-08T17:00:00+00:00,,,NY,bearish,BOS BOS,50pct,1.2447,1.2457799999999999,1.24078,,4.455,,never_filled,,0.0,0.0,0.0,0.0,False,never_filled,0.0,0.0,0,-1,-1,8,premium,0.0,,7.0,3.0,0.0,2.0,1.0,1.0,"structure,fvg,freshness",False,h1_only,2025-01-08T09:00:00+00:00,BOS,BOS,True,False,False,,,,,False,17,bearish,with_trend,2025-01-08T16:00:00+00:00,1,2025-01-08T10:00:00+00:00,SHORT,aligned,50.9,False,1,strong,0.75,2.7,2.7,fresh,London,NY,True,False,never_filled,True,"London Open: 02:00-05:00 America/New_York, New York (forex): 07:00-10:00 America/New_York, London Close: 10:00-12:00 America/New_York"
T0013,GBPUSD,2025-01-09T07:00:00+00:00,,,London,bearish,Confirmation BOS,proximal,1.23549,1.23672,1.23208,,3.31,,never_filled,,0.0,0.0,0.0,0.0,False,never_filled,0.0,0.0,0,-1,-1,6,discount,0.0,,8.0,4.0,0.0,2.0,2.0,0.0,"structure,fvg,freshness",False,h1_only,2025-01-09T01:00:00+00:00,BOS,Confirm,True,False,False,,,,,False,7,bearish,with_trend,2025-01-09T06:00:00+00:00,1,2025-01-09T06:00:00+00:00,SHORT,counter,22.6,False,1,solid,1.59,2.25,2.25,fresh,Asia,London,False,False,never_filled,False,"London Open: 02:00-05:00 America/New_York, New York (forex): 07:00-10:00 America/New_York, London Close: 10:00-12:00 America/New_York"
T0014,GBPUSD,2025-01-09T07:00:00+00:00,,,London,bearish,Confirmation BOS,50pct,1.23591,1.23672,1.23208,,6.279,,never_filled,,0.0,0.0,0.0,0.0,False,never_filled,0.0,0.0,0,-1,-1,6,discount,0.0,,8.0,4.0,0.0,2.0,2.0,0.0,"structure,fvg,freshness",False,h1_only,2025-01-09T01:00:00+00:00,BOS,Confirm,True,False,False,,,,,False,7,bearish,with_trend,2025-01-09T06:00:00+00:00,1,2025-01-09T06:00:00+00:00,SHORT,counter,24.1,False,1,solid,1.59,2.25,2.25,fresh,Asia,London,False,False,never_filled,False,"London Open: 02:00-05:00 America/New_York, New York (forex): 07:00-10:00 America/New_York, London Close: 10:00-12:00 America/New_York"
T0015,GBPUSD,2025-01-10T06:00:00+00:00,2025-01-10T08:00:00+00:00,2025-01-10T10:00:00+00:00,Asia,bearish,BOS BOS,proximal,1.23001,1.23115,1.22383,,6.57,,sl,1.23001,0.0,-1.0,-1.0,0.0,True,,1.465,-0.675,2,-1,-1,4,discount,0.0,,7.0,3.0,0.0,2.0,2.0,0.0,"structure,fvg,freshness",False,h1_only,2025-01-10T02:00:00+00:00,BOS,BOS,True,False,False,,,,,False,6,bearish,with_trend,2025-01-10T05:00:00+00:00,1,2025-01-10T05:00:00+00:00,SHORT,counter,18.7,False,2,solid,1.6,1.53,1.53,fresh,Asia,London,False,True,Fill only,True,"London Open: 02:00-05:00 America/New_York, New York (forex): 07:00-10:00 America/New_York, London Close: 10:00-12:00 America/New_York"
T0016,GBPUSD,2025-01-10T06:00:00+00:00,2025-01-10T08:00:00+00:00,2025-01-10T11:00:00+00:00,Asia,bearish,BOS BOS,50pct,1.23038,1.23115,1.22383,,11.491,,sl,1.23038,0.0,-1.0,-1.0,0.0,True,,2.649,-0.519,3,-1,-1,4,discount,0.0,,7.0,3.0,0.0,2.0,2.0,0.0,"structure,fvg,freshness",False,h1_only,2025-01-10T02:00:00+00:00,BOS,BOS,True,False,False,,,,,False,6,bearish,with_trend,2025-01-10T05:00:00+00:00,1,2025-01-10T05:00:00+00:00,SHORT,counter,19.8,False,2,solid,1.6,1.53,1.53,fresh,Asia,London,False,True,Fill only,True,"London Open: 02:00-05:00 America/New_York, New York (forex): 07:00-10:00 America/New_York, London Close: 10:00-12:00 America/New_York"
T0017,GBPUSD,2025-01-10T14:00:00+00:00,,,NY,bearish,BOS BOS,proximal,1.22994,1.23234,1.22661,,1.51,,never_filled,,0.0,0.0,0.0,0.0,False,never_filled,0.0,0.0,0,-1,-1,2,discount,0.0,,6.0,3.0,0.0,0.0,2.0,1.0,"structure,freshness",False,h1_only,2025-01-10T12:00:00+00:00,BOS,BOS,False,False,False,,,,,False,14,bearish,with_trend,2025-01-10T13:00:00+00:00,1,2025-01-10T13:00:00+00:00,SHORT,counter,28.6,False,3,strong,1.43,3.48,3.48,no_fvg,London,NY,True,False,never_filled,False,"London Open: 02:00-05:00 America/New_York, New York (forex): 07:00-10:00 America/New_York, London Close: 10:00-12:00 America/New_York"
T0018,GBPUSD,2025-01-10T14:00:00+00:00,,,NY,bearish,BOS BOS,50pct,1.23094,1.23234,1.22661,,3.608,,never_filled,,0.0,0.0,0.0,0.0,False,never_filled,0.0,0.0,0,-1,-1,2,discount,0.0,,6.0,3.0,0.0,0.0,2.0,1.0,"structure,freshness",False,h1_only,2025-01-10T12:00:00+00:00,BOS,BOS,False,False,False,,,,,False,14,bearish,with_trend,2025-01-10T13:00:00+00:00,1,2025-01-10T13:00:00+00:00,SHORT,counter,31.2,False,3,strong,1.43,3.48,3.48,no_fvg,London,NY,True,False,never_filled,False,"London Open: 02:00-05:00 America/New_York, New York (forex): 07:00-10:00 America/New_York, London Close: 10:00-12:00 America/New_York"
T0019,GBPUSD,2025-01-14T10:00:00+00:00,2025-01-14T15:00:00+00:00,2025-01-14T18:00:00+00:00,London,bearish,BOS BOS,proximal,1.22021,1.22172,1.20997,,7.82,,sl,1.22021,0.0,-1.0,-1.0,0.0,True,,3.046,-0.689,3,-1,-1,4,premium,0.0,,5.0,3.0,0.0,0.0,2.0,0.0,"structure,freshness",False,h1_only,2025-01-14T06:00:00+00:00,BOS,BOS,False,False,False,,,,,False,10,bearish,with_trend,2025-01-14T09:00:00+00:00,1,2025-01-14T09:00:00+00:00,SHORT,aligned,68.1,False,1,marginal,0.58,1.44,1.44,no_fvg,Asia,NY,False,True,Fill only,True,"London Open: 02:00-05:00 America/New_York, New York (forex): 07:00-10:00 America/New_York, London Close: 10:00-12:00 America/New_York"
T0020,GBPUSD,2025-01-14T10:00:00+00:00,2025-01-14T16:00:00+00:00,2025-01-14T18:00:00+00:00,London,bearish,BOS BOS,50pct,1.22077,1.22172,1.20997,,14.4,,sl,1.22077,0.0,-1.0,-1.0,0.0,True,,4.221,-0.505,2,-1,-1,4,premium,0.0,,5.0,3.0,0.0,0.0,2.0,0.0,"structure,freshness",False,h1_only,2025-01-14T06:00:00+00:00,BOS,BOS,False,False,False,,,,,False,10,bearish,with_trend,2025-01-14T09:00:00+00:00,1,2025-01-14T09:00:00+00:00,SHORT,aligned,71.8,False,1,marginal,0.58,1.44,1.44,no_fvg,Asia,NY,False,True,Fill only,True,"London Open: 02:00-05:00 America/New_York, New York (forex): 07:00-10:00 America/New_York, London Close: 10:00-12:00 America/New_York"
T0021,GBPUSD,2025-01-15T08:00:00+00:00,2025-01-15T09:00:00+00:00,2025-01-15T12:00:00+00:00,London,bullish,CHoCH CHoCH,proximal,1.22047,1.2189,1.22458,,3.0,,sl,1.22047,0.0,3.0,0.0,0.0,True,,1.643,-0.274,3,4,-1,2,premium,1.0,True,6.0,4.0,0.0,0.0,2.0,0.0,"structure,freshness",False,h1_only,2025-01-15T06:00:00+00:00,CHoCH,CHoCH,False,False,False,,,,,False,8,bearish,against_trend,2025-01-15T07:00:00+00:00,1,2025-01-15T07:00:00+00:00,LONG,counter,65.4,False,0,solid,1.28,1.52,2.28,no_fvg,Asia,London,False,True,Fill only,False,"London Open: 02:00-05:00 America/New_York, New York (forex): 07:00-10:00 America/New_York, London Close: 10:00-12:00 America/New_York"
T0022,GBPUSD,2025-01-15T08:00:00+00:00,2025-01-15T16:00:00+00:00,2025-01-15T16:00:00+00:00,London,bullish,CHoCH CHoCH,50pct,1.21989,1.2189,1.22458,,5.937,,sl,1.2189,-1.0,-1.0,-1.0,-250.0,True,,6.061,-1.303,0,-1,-1,2,premium,1.0,True,6.0,4.0,0.0,0.0,2.0,0.0,"structure,freshness",False,h1_only,2025-01-15T06:00:00+00:00,CHoCH,CHoCH,False,False,False,,,,,False,8,bearish,against_trend,2025-01-15T07:00:00+00:00,1,2025-01-15T07:00:00+00:00,LONG,counter,59.9,False,0,solid,1.28,1.52,2.28,no_fvg,Asia,NY,False,True,Fill only,False,"London Open: 02:00-05:00 America/New_York, New York (forex): 07:00-10:00 America/New_York, London Close: 10:00-12:00 America/New_York"
T0023,GBPUSD,2025-01-15T14:00:00+00:00,2025-01-15T16:00:00+00:00,2025-01-15T16:00:00+00:00,NY,bullish,CHoCH CHoCH,proximal,1.22246,1.21973,1.23151,,3.58,,sl,1.21973,-1.0,-1.0,-1.0,-250.0,True,,1.256,-1.414,0,-1,-1,2,premium,1.0,True,8.0,4.0,1.0,0.0,2.0,1.0,"structure,sweep,freshness",False,h1_only,2025-01-15T12:00:00+00:00,CHoCH,CHoCH,False,True,False,,,,,False,14,bearish,against_trend,2025-01-15T13:00:00+00:00,1,2025-01-15T13:00:00+00:00,LONG,counter,52.2,False,0,solid,3.4,2.24,3.37,no_fvg,London,NY,True,True,Both,False,"London Open: 02:00-05:00 America/New_York, New York (forex): 07:00-10:00 America/New_York, London Close: 10:00-12:00 America/New_York"
T0024,GBPUSD,2025-01-15T14:00:00+00:00,2025-01-15T16:00:00+00:00,2025-01-15T16:00:00+00:00,NY,bullish,CHoCH CHoCH,50pct,1.2213,1.21973,1.23151,,7.453,,sl,1.21973,-1.0,-1.0,-1.0,-250.0,True,,2.924,-1.72,0,-1,-1,2,discount,1.0,True,8.0,4.0,1.0,0.0,2.0,1.0,"structure,sweep,freshness",False,h1_only,2025-01-15T12:00:00+00:00,CHoCH,CHoCH,False,True,False,,,,,False,14,bearish,against_trend,2025-01-15T13:00:00+00:00,1,2025-01-15T13:00:00+00:00,LONG,aligned,45.4,False,0,solid,3.4,2.24,3.37,no_fvg,London,NY,True,True,Both,False,"London Open: 02:00-05:00 America/New_York, New York (forex): 07:00-10:00 America/New_York, London Close: 10:00-12:00 America/New_York"
T0025,GBPUSD,2025-01-20T14:00:00+00:00,,,NY,bullish,Confirmation BOS,proximal,1.22064,1.21839,1.22409,,1.68,,never_filled,,0.0,0.0,0.0,0.0,False,never_filled,0.0,0.0,0,-1,-1,2,discount,0.0,,8.0,4.0,1.0,0.0,2.0,1.0,"structure,sweep,freshness",False,h1_only,2025-01-20T12:00:00+00:00,BOS,Confirm,False,True,False,,,,,False,14,bullish,with_trend,2025-01-20T13:00:00+00:00,1,2025-01-20T13:00:00+00:00,LONG,aligned,33.8,False,1,strong,2.31,4.32,4.32,no_fvg,London,NY,True,False,never_filled,False,"London Open: 02:00-05:00 America/New_York, New York (forex): 07:00-10:00 America/New_York, London Close: 10:00-12:00 America/New_York"
T0026,GBPUSD,2025-01-20T14:00:00+00:00,,,NY,bullish,Confirmation BOS,50pct,1.21971,1.21839,1.22409,,3.911,,never_filled,,0.0,0.0,0.0,0.0,False,never_filled,0.0,0.0,0,-1,-1,2,discount,0.0,,8.0,4.0,1.0,0.0,2.0,1.0,"structure,sweep,freshness",False,h1_only,2025-01-20T12:00:00+00:00,BOS,Confirm,False,True,False,,,,,False,14,bullish,with_trend,2025-01-20T13:00:00+00:00,1,2025-01-20T13:00:00+00:00,LONG,aligned,27.1,False,1,strong,2.31,4.32,4.32,no_fvg,London,NY,True,False,never_filled,False,"London Open: 02:00-05:00 America/New_York, New York (forex): 07:00-10:00 America/New_York, London Close: 10:00-12:00 America/New_York"
T0027,GBPUSD,2025-01-23T17:00:00+00:00,,,NY,bullish,BOS BOS,proximal,1.23305,1.2307000000000001,1.23649,1.23756,1.6,2.1,never_filled,,0.0,0.0,0.0,0.0,False,never_filled,0.0,0.0,0,-1,-1,2,discount,0.0,,6.0,3.0,0.0,0.0,2.0,1.0,"structure,freshness",False,h1_only,2025-01-23T15:00:00+00:00,BOS,BOS,False,False,False,,,,,False,17,bullish,with_trend,2025-01-23T16:00:00+00:00,1,2025-01-23T16:00:00+00:00,LONG,aligned,45.4,False,3,marginal,0.82,1.24,1.24,no_fvg,NY,NY,True,False,never_filled,True,"London Open: 02:00-05:00 America/New_York, New York (forex): 07:00-10:00 America/New_York, London Close: 10:00-12:00 America/New_York"
T0028,GBPUSD,2025-01-23T17:00:00+00:00,,,NY,bullish,BOS BOS,50pct,1.23208,1.2307000000000001,1.23649,1.23756,3.737,4.644,never_filled,,0.0,0.0,0.0,0.0,False,never_filled,0.0,0.0,0,-1,-1,2,discount,0.0,,6.0,3.0,0.0,0.0,2.0,1.0,"structure,freshness",False,h1_only,2025-01-23T15:00:00+00:00,BOS,BOS,False,False,False,,,,,False,17,bullish,with_trend,2025-01-23T16:00:00+00:00,1,2025-01-23T16:00:00+00:00,LONG,aligned,33.7,False,3,marginal,0.82,1.24,1.24,no_fvg,NY,NY,True,False,never_filled,True,"London Open: 02:00-05:00 America/New_York, New York (forex): 07:00-10:00 America/New_York, London Close: 10:00-12:00 America/New_York"
T0029,GBPUSD,2025-01-24T16:00:00+00:00,2025-01-28T12:00:00+00:00,2025-01-29T09:00:00+00:00,NY,bullish,BOS BOS,proximal,1.24221,1.23966,1.24937,,3.05,,sl,1.24221,0.0,-1.0,-1.0,0.0,True,,1.604,-0.306,21,-1,-1,4,premium,0.0,,8.0,3.0,0.0,2.0,2.0,1.0,"structure,fvg,freshness",False,h1_only,2025-01-24T12:00:00+00:00,BOS,BOS,True,False,False,,,,,False,16,bullish,with_trend,2025-01-24T15:00:00+00:00,1,2025-01-24T15:00:00+00:00,LONG,counter,67.1,False,3,solid,1.34,1.69,1.69,fresh,London,London,True,True,Both,False,"London Open: 02:00-05:00 America/New_York, New York (forex): 07:00-10:00 America/New_York, London Close: 10:00-12:00 America/New_York"
T0030,GBPUSD,2025-01-24T16:00:00+00:00,,,NY,bullish,BOS BOS,50pct,1.24113,1.23966,1.24937,,6.488,,never_filled,,0.0,0.0,0.0,0.0,False,never_filled,0.0,0.0,0,-1,-1,4,premium,0.0,,8.0,3.0,0.0,2.0,2.0,1.0,"structure,fvg,freshness",False,h1_only,2025-01-24T12:00:00+00:00,BOS,BOS,True,False,False,,,,,False,16,bullish,with_trend,2025-01-24T15:00:00+00:00,1,2025-01-24T15:00:00+00:00,LONG,counter,61.5,False,3,solid,1.34,1.69,1.69,fresh,London,NY,True,False,never_filled,False,"London Open: 02:00-05:00 America/New_York, New York (forex): 07:00-10:00 America/New_York, London Close: 10:00-12:00 America/New_York"
T0031,GBPUSD,2025-01-29T10:00:00+00:00,2025-01-29T17:00:00+00:00,2025-01-29T19:00:00+00:00,London,bearish,Confirmation BOS,proximal,1.24476,1.24575,1.2426,,2.73,,sl,1.24476,0.0,2.73,-1.0,0.0,True,,3.586,-1.03,2,2,-1,6,premium,0.0,,8.0,4.0,0.0,2.0,2.0,0.0,"structure,fvg,freshness",True,h1_only,2025-01-29T04:00:00+00:00,BOS,Confirm,True,False,False,,,,,False,10,bearish,with_trend,2025-01-29T09:00:00+00:00,1,2025-01-29T09:00:00+00:00,SHORT,aligned,68.4,False,1,solid,0.51,1.61,1.61,fresh,Asia,NY,False,False,Neither,True,"London Open: 02:00-05:00 America/New_York, New York (forex): 07:00-10:00 America/New_York, London Close: 10:00-12:00 America/New_York"
T0032,GBPUSD,2025-01-29T10:00:00+00:00,2025-01-29T19:00:00+00:00,2025-01-29T19:00:00+00:00,London,bearish,Confirmation BOS,50pct,1.24506,1.24575,1.2426,,5.02,,sl,1.24575,-1.0,-1.0,-1.0,-250.0,True,,5.58,-1.043,0,-1,-1,6,premium,0.0,,8.0,4.0,0.0,2.0,2.0,0.0,"structure,fvg,freshness",False,h1_only,2025-01-29T04:00:00+00:00,BOS,Confirm,True,False,False,,,,,False,10,bearish,with_trend,2025-01-29T09:00:00+00:00,1,2025-01-29T09:00:00+00:00,SHORT,aligned,74.5,False,1,solid,0.51,1.61,1.61,fresh,Asia,NY,False,False,Neither,True,"London Open: 02:00-05:00 America/New_York, New York (forex): 07:00-10:00 America/New_York, London Close: 10:00-12:00 America/New_York"
T0033,GBPUSD,2025-01-29T14:00:00+00:00,2025-01-29T15:00:00+00:00,2025-01-29T15:00:00+00:00,NY,bearish,Confirmation BOS,proximal,1.2409,1.24304,1.23527,1.23449,2.9,3.3,sl,1.24304,-1.0,-1.0,-1.0,-250.0,True,,0.36,-1.715,0,-1,-1,2,discount,0.0,,7.0,4.0,0.0,0.0,2.0,1.0,"structure,freshness",False,h1_only,2025-01-29T12:00:00+00:00,BOS,Confirm,False,False,False,,,,,False,14,bearish,with_trend,2025-01-29T13:00:00+00:00,1,2025-01-29T13:00:00+00:00,SHORT,counter,22.9,False,1,solid,1.94,1.89,1.89,no_fvg,London,NY,True,True,Both,False,"London Open: 02:00-05:00 America/New_York, New York (forex): 07:00-10:00 America/New_York, London Close: 10:00-12:00 America/New_York"
T0034,GBPUSD,2025-01-29T14:00:00+00:00,2025-01-29T15:00:00+00:00,2025-01-29T15:00:00+00:00,NY,bearish,Confirmation BOS,50pct,1.24177,1.24304,1.23527,1.23449,6.075,6.804,sl,1.24304,-1.0,-1.0,-1.0,-250.0,True,,1.291,-2.205,0,-1,-1,2,discount,0.0,,7.0,4.0,0.0,0.0,2.0,1.0,"structure,freshness",False,h1_only,2025-01-29T12:00:00+00:00,BOS,Confirm,False,False,False,,,,,False,14,bearish,with_trend,2025-01-29T13:00:00+00:00,1,2025-01-29T13:00:00+00:00,SHORT,counter,35.3,False,1,solid,1.94,1.89,1.89,no_fvg,London,NY,True,True,Both,False,"London Open: 02:00-05:00 America/New_York, New York (forex): 07:00-10:00 America/New_York, London Close: 10:00-12:00 America/New_York"
T0035,BTCUSD,2025-01-02T13:00:00+00:00,2025-01-03T18:00:00+00:00,2025-01-03T19:00:00+00:00,NY,bearish,BOS BOS,proximal,98520.2,99141.4,97580.3,,1.56,,friday_flat,98483.7,0.059,1.56,0.0,14.75,True,,0.91,-0.233,1,15,-1,178,premium,0.0,,6.0,3.0,0.0,2.0,1.0,0.0,"structure,fvg,freshness",False,h1_only,2024-12-26T03:00:00+00:00,BOS,BOS,True,False,False,,,,,False,13,bearish,with_trend,2025-01-02T12:00:00+00:00,1,2024-12-26T08:00:00+00:00,SHORT,aligned,148.3,False,1,solid,2.08,2.19,2.19,fresh,Asia,NY,False,False,Neither,False,"London Open: 02:00-05:00 America/New_York, New York (forex): 07:00-10:00 America/New_York"
T0036,BTCUSD,2025-01-03T07:00:00+00:00,,,London,bullish,CHoCH CHoCH,proximal,95793.9,95340.0,96488.7,,1.6,,never_filled,,0.0,0.0,0.0,0.0,False,never_filled,0.0,0.0,0,-1,-1,26,premium,1.0,True,6.0,4.0,0.0,1.0,1.0,0.0,"structure,fvg,freshness",False,h1_only,2025-01-02T05:00:00+00:00,CHoCH,CHoCH,True,False,False,,,,,False,7,bearish,against_trend,2025-01-03T06:00:00+00:00,1,2025-01-02T13:00:00+00:00,LONG,counter,59.3,False,0,marginal,3.96,1.08,1.62,fresh,Asia,London,False,False,never_filled,False,"London Open: 02:00-05:00 America/New_York, New York (forex): 07:00-10:00 America/New_York"
T0037,BTCUSD,2025-01-03T07:00:00+00:00,,,London,bullish,CHoCH CHoCH,50pct,95586.95,95340.0,96488.7,,3.973,,never_filled,,0.0,0.0,0.0,0.0,False,never_filled,0.0,0.0,0,-1,-1,26,premium,1.0,True,6.0,4.0,0.0,1.0,1.0,0.0,"structure,fvg,freshness",False,h1_only,2025-01-02T05:00:00+00:00,CHoCH,CHoCH,True,False,False,,,,,False,7,bearish,against_trend,2025-01-03T06:00:00+00:00,1,2025-01-02T13:00:00+00:00,LONG,counter,55.1,False,0,marginal,3.96,1.08,1.62,fresh,Asia,London,False,False,never_filled,False,"London Open: 02:00-05:00 America/New_York, New York (forex): 07:00-10:00 America/New_York"
T0038,BTCUSD,2025-01-03T09:00:00+00:00,,,London,bullish,CHoCH CHoCH,proximal,94939.9,94482.1,96017.2,,2.46,,never_filled,,0.0,0.0,0.0,0.0,False,never_filled,0.0,0.0,0,-1,-1,34,discount,1.0,True,6.0,4.0,0.0,1.0,1.0,0.0,"structure,fvg,freshness",False,h1_only,2025-01-01T23:00:00+00:00,CHoCH,CHoCH,True,False,False,,,,,False,9,bullish,with_trend,2025-01-03T08:00:00+00:00,1,2025-01-02T03:00:00+00:00,LONG,aligned,42.1,False,0,marginal,1.39,1.18,1.77,fresh,Other,London,False,False,never_filled,False,"London Open: 02:00-05:00 America/New_York, New York (forex): 07:00-10:00 America/New_York"
T0039,BTCUSD,2025-01-03T09:00:00+00:00,,,London,bullish,CHoCH CHoCH,50pct,94731.0,94482.1,96017.2,,5.619,,never_filled,,0.0,0.0,0.0,0.0,False,never_filled,0.0,0.0,0,-1,-1,34,discount,1.0,True,6.0,4.0,0.0,1.0,1.0,0.0,"structure,fvg,freshness",False,h1_only,2025-01-01T23:00:00+00:00,CHoCH,CHoCH,True,False,False,,,,,False,9,bullish,with_trend,2025-01-03T08:00:00+00:00,1,2025-01-02T03:00:00+00:00,LONG,aligned,37.8,False,0,marginal,1.39,1.18,1.77,fresh,Other,London,False,False,never_filled,False,"London Open: 02:00-05:00 America/New_York, New York (forex): 07:00-10:00 America/New_York"
T0040,BTCUSD,2025-01-04T05:00:00+00:00,,,Asia,bullish,Confirmation BOS,proximal,96797.5,96390.4,97434.3,,1.65,,never_filled,,0.0,0.0,0.0,0.0,False,never_filled,0.0,0.0,0,-1,-1,16,discount,0.0,,7.0,4.0,0.0,1.0,1.0,1.0,"structure,fvg,freshness",False,h1_only,2025-01-03T13:00:00+00:00,BOS,Confirm,True,False,False,,,,,False,5,bullish,with_trend,2025-01-04T04:00:00+00:00,1,2025-01-03T18:00:00+00:00,LONG,aligned,25.5,False,1,marginal,1.4,1.04,1.04,fresh,NY,Asia,True,False,never_filled,True,"London Open: 02:00-05:00 America/New_York, New York (forex): 07:00-10:00 America/New_York"
T0041,BTCUSD,2025-01-04T05:00:00+00:00,,,Asia,bullish,Confirmation BOS,50pct,96613.95,96390.4,97434.3,,4.03,,never_filled,,0.0,0.0,0.0,0.0,False,never_filled,0.0,0.0,0,-1,-1,16,discount,0.0,,7.0,4.0,0.0,1.0,1.0,1.0,"structure,fvg,freshness",False,h1_only,2025-01-03T13:00:00+00:00,BOS,Confirm,True,False,False,,,,,False,5,bullish,with_trend,2025-01-04T04:00:00+00:00,1,2025-01-03T18:00:00+00:00,LONG,aligned,19.1,False,1,marginal,1.4,1.04,1.04,fresh,NY,Asia,True,False,never_filled,True,"London Open: 02:00-05:00 America/New_York, New York (forex): 07:00-10:00 America/New_York"
T0042,BTCUSD,2025-01-06T15:00:00+00:00,2025-01-07T15:00:00+00:00,2025-01-07T15:00:00+00:00,NY,bullish,CHoCH CHoCH,proximal,99031.6,98625.0,99798.0,,1.98,,sl,98625.0,-1.0,-1.0,-1.0,-250.0,True,,2.663,-4.751,0,-1,-1,5,discount,1.0,True,4.5,4.0,0.0,0.0,0.5,0.0,"structure,freshness",False,h1_only,2025-01-06T10:00:00+00:00,CHoCH,CHoCH,False,False,False,,,,,False,15,bearish,against_trend,2025-01-06T14:00:00+00:00,1,2025-01-06T13:00:00+00:00,LONG,aligned,45.0,False,0,marginal,1.65,1.21,1.81,no_fvg,London,NY,False,False,Neither,True,"London Open: 02:00-05:00 America/New_York, New York (forex): 07:00-10:00 America/New_York"
T0043,BTCUSD,2025-01-06T15:00:00+00:00,2025-01-07T15:00:00+00:00,2025-01-07T15:00:00+00:00,NY,bullish,CHoCH CHoCH,50pct,98848.3,98625.0,99798.0,,4.671,,sl,98625.0,-1.0,-1.0,-1.0,-250.0,True,,5.67,-7.829,0,-1,-1,5,discount,1.0,True,4.5,4.0,0.0,0.0,0.5,0.0,"structure,freshness",False,h1_only,2025-01-06T10:00:00+00:00,CHoCH,CHoCH,False,False,False,,,,,False,15,bearish,against_trend,2025-01-06T14:00:00+00:00,1,2025-01-06T13:00:00+00:00,LONG,aligned,40.5,False,0,marginal,1.65,1.21,1.81,no_fvg,London,NY,False,False,Neither,True,"London Open: 02:00-05:00 America/New_York, New York (forex): 07:00-10:00 America/New_York"
T0044,BTCUSD,2025-01-06T15:00:00+00:00,2025-01-06T16:00:00+00:00,2025-01-07T00:00:00+00:00,NY,bearish,Confirmation BOS,proximal,101714.0,102627.8,100359.8,,1.52,,sl,102627.8,-1.0,-1.0,-1.0,-250.0,True,,0.537,-1.06,8,-1,-1,437,premium,0.0,,6.0,4.0,0.0,1.0,1.0,0.0,"structure,fvg,freshness",False,h1_only,2024-12-19T10:00:00+00:00,BOS,Confirm,True,False,False,,,,,False,15,bearish,with_trend,2025-01-06T14:00:00+00:00,1,2024-12-19T19:00:00+00:00,SHORT,aligned,111.5,False,1,solid,2.27,2.45,2.45,fresh,London,NY,False,False,Neither,True,"London Open: 02:00-05:00 America/New_York, New York (forex): 07:00-10:00 America/New_York"
T0045,BTCUSD,2025-01-06T15:00:00+00:00,2025-01-06T16:00:00+00:00,2025-01-06T20:00:00+00:00,NY,bearish,Confirmation BOS,50pct,102150.9,102627.8,100359.8,,3.92,,sl,102150.9,0.0,-1.0,-1.0,0.0,True,,1.946,-0.614,4,-1,-1,437,premium,0.0,,6.0,4.0,0.0,1.0,1.0,0.0,"structure,fvg,freshness",False,h1_only,2024-12-19T10:00:00+00:00,BOS,Confirm,True,False,False,,,,,False,15,bearish,with_trend,2025-01-06T14:00:00+00:00,1,2024-12-19T19:00:00+00:00,SHORT,aligned,122.3,False,1,solid,2.27,2.45,2.45,fresh,London,NY,False,False,Neither,True,"London Open: 02:00-05:00 America/New_York, New York (forex): 07:00-10:00 America/New_York"
T0046,BTCUSD,2025-01-07T16:00:00+00:00,,,NY,bearish,BOS BOS,proximal,101580.0,102012.7,100847.05,100570.53,1.78,2.45,never_filled,,0.0,0.0,0.0,0.0,False,never_filled,0.0,0.0,0,-1,-1,8,premium,0.0,,7.0,3.0,0.0,2.0,1.0,1.0,"structure,fvg,freshness",False,h1_only,2025-01-07T08:00:00+00:00,BOS,BOS,True,False,False,,,,,False,16,bearish,with_trend,2025-01-07T15:00:00+00:00,1,2025-01-07T13:00:00+00:00,SHORT,aligned,79.8,False,1,marginal,1.51,1.04,1.04,fresh,London,NY,True,False,never_filled,True,"London Open: 02:00-05:00 America/New_York, New York (forex): 07:00-10:00 America/New_York"
T0047,BTCUSD,2025-01-07T16:00:00+00:00,,,NY,bearish,BOS BOS,50pct,101776.35,102012.7,100847.05,100570.53,4.295,5.573,never_filled,,0.0,0.0,0.0,0.0,False,never_filled,0.0,0.0,0,-1,-1,8,premium,0.0,,7.0,3.0,0.0,2.0,1.0,1.0,"structure,fvg,freshness",False,h1_only,2025-01-07T08:00:00+00:00,BOS,BOS,True,False,False,,,,,False,16,bearish,with_trend,2025-01-07T15:00:00+00:00,1,2025-01-07T13:00:00+00:00,SHORT,aligned,83.4,False,1,marginal,1.51,1.04,1.04,fresh,London,NY,True,False,never_filled,True,"London Open: 02:00-05:00 America/New_York, New York (forex): 07:00-10:00 America/New_York"
T0048,BTCUSD,2025-01-08T07:00:00+00:00,2025-01-08T08:00:00+00:00,2025-01-08T11:00:00+00:00,London,bearish,BOS BOS,proximal,96069.8,96656.2,95200.1,,1.54,,tp1,95200.1,1.483,1.54,2.276,370.75,True,,2.677,-0.051,3,3,-1,2,discount,0.0,,4.0,3.0,0.0,0.0,1.0,0.0,"structure,freshness",False,h1_only,2025-01-08T05:00:00+00:00,BOS,BOS,False,False,False,,,,,False,7,bearish,with_trend,2025-01-08T06:00:00+00:00,1,2025-01-08T06:00:00+00:00,SHORT,counter,11.2,False,2,solid,1.22,1.61,1.61,no_fvg,Asia,London,False,True,Fill only,False,"London Open: 02:00-05:00 America/New_York, New York (forex): 07:00-10:00 America/New_York"
T0049,BTCUSD,2025-01-08T07:00:00+00:00,,,London,bearish,BOS BOS,50pct,96343.0,96656.2,95200.1,,3.898,,never_filled,,0.0,0.0,0.0,0.0,False,never_filled,0.0,0.0,0,-1,-1,2,discount,0.0,,4.0,3.0,0.0,0.0,1.0,0.0,"structure,freshness",False,h1_only,2025-01-08T05:00:00+00:00,BOS,BOS,False,False,False,,,,,False,7,bearish,with_trend,2025-01-08T06:00:00+00:00,1,2025-01-08T06:00:00+00:00,SHORT,counter,14.8,False,2,solid,1.22,1.61,1.61,no_fvg,Asia,London,False,False,never_filled,False,"London Open: 02:00-05:00 America/New_York, New York (forex): 07:00-10:00 America/New_York"
T0050,BTCUSD,2025-01-09T08:00:00+00:00,2025-01-09T11:00:00+00:00,2025-01-09T13:00:00+00:00,London,bearish,BOS BOS,proximal,93760.0,94487.1,92500.0,,1.78,,tp1,92500.0,1.733,1.78,0.0,433.25,True,,2.651,-0.09,2,2,-1,4,discount,0.0,,4.0,3.0,0.0,0.0,1.0,0.0,"structure,freshness",False,h1_only,2025-01-09T04:00:00+00:00,BOS,BOS,False,False,False,,,,,False,8,bearish,with_trend,2025-01-09T07:00:00+00:00,1,2025-01-09T07:00:00+00:00,SHORT,counter,12.4,False,3,marginal,0.51,1.13,1.13,no_fvg,Asia,London,False,False,Neither,False,"London Open: 02:00-05:00 America/New_York, New York (forex): 07:00-10:00 America/New_York"
T0051,BTCUSD,2025-01-09T08:00:00+00:00,2025-01-09T15:00:00+00:00,2025-01-09T15:00:00+00:00,London,bearish,BOS BOS,50pct,94103.55,94487.1,92500.0,,4.411,,sl,94487.1,-1.0,-1.0,-1.0,-250.0,True,,3.897,-1.15,0,-1,-1,4,discount,0.0,,4.0,3.0,0.0,0.0,1.0,0.0,"structure,freshness",False,h1_only,2025-01-09T04:00:00+00:00,BOS,BOS,False,False,False,,,,,False,8,bearish,with_trend,2025-01-09T07:00:00+00:00,1,2025-01-09T07:00:00+00:00,SHORT,counter,15.7,False,3,marginal,0.51,1.13,1.13,no_fvg,Asia,NY,False,False,Neither,False,"London Open: 02:00-05:00 America/New_York, New York (forex): 07:00-10:00 America/New_York"
T0052,BTCUSD,2025-01-09T09:00:00+00:00,2025-01-10T07:00:00+00:00,2025-01-10T13:00:00+00:00,London,bearish,BOS BOS,proximal,94849.6,95668.9,93605.0,,1.56,,tp1,93605.0,1.519,1.56,0.0,379.75,True,,2.62,-0.476,6,6,-1,20,discount,0.0,,4.0,3.0,0.0,0.0,0.0,1.0,structure,False,h1_only,2025-01-08T13:00:00+00:00,BOS,BOS,False,False,False,,,,,False,9,bearish,with_trend,2025-01-09T08:00:00+00:00,1,2025-01-08T17:00:00+00:00,SHORT,counter,23.1,False,3,marginal,0.71,1.04,1.04,no_fvg,NY,London,True,True,Both,False,"London Open: 02:00-05:00 America/New_York, New York (forex): 07:00-10:00 America/New_York"
T0053,BTCUSD,2025-01-09T09:00:00+00:00,2025-01-10T10:00:00+00:00,2025-01-10T13:00:00+00:00,London,bearish,BOS BOS,50pct,95239.25,95668.9,93605.0,,3.989,,tp1,93605.0,3.804,3.989,0.0,951.0,True,,5.902,-0.001,3,3,-1,20,discount,0.0,,4.0,3.0,0.0,0.0,0.0,1.0,structure,False,h1_only,2025-01-08T13:00:00+00:00,BOS,BOS,False,False,False,,,,,False,9,bearish,with_trend,2025-01-09T08:00:00+00:00,1,2025-01-08T17:00:00+00:00,SHORT,counter,26.9,False,3,marginal,0.71,1.04,1.04,no_fvg,NY,London,True,False,OB only,False,"London Open: 02:00-05:00 America/New_York, New York (forex): 07:00-10:00 America/New_York"
T0054,BTCUSD,2025-01-09T14:00:00+00:00,2025-01-09T15:00:00+00:00,2025-01-09T15:00:00+00:00,NY,bearish,BOS BOS,proximal,92926.6,93739.9,91510.0,,1.79,,sl,93739.9,-1.0,-1.0,-1.0,-250.0,True,,0.391,-1.99,0,-1,-1,5,discount,0.0,,5.0,3.0,0.0,0.0,1.0,1.0,"structure,freshness",False,h1_only,2025-01-09T09:00:00+00:00,BOS,BOS,False,False,False,,,,,False,14,bearish,with_trend,2025-01-09T13:00:00+00:00,1,2025-01-09T13:00:00+00:00,SHORT,counter,10.1,False,4,solid,1.01,1.89,1.89,no_fvg,London,NY,True,False,OB only,False,"London Open: 02:00-05:00 America/New_York, New York (forex): 07:00-10:00 America/New_York"
T0055,BTCUSD,2025-01-09T14:00:00+00:00,2025-01-09T15:00:00+00:00,2025-01-09T15:00:00+00:00,NY,bearish,BOS BOS,50pct,93313.25,93739.9,91510.0,,4.434,,sl,93739.9,-1.0,-1.0,-1.0,-250.0,True,,1.651,-2.886,0,-1,-1,5,discount,0.0,,5.0,3.0,0.0,0.0,1.0,1.0,"structure,freshness",False,h1_only,2025-01-09T09:00:00+00:00,BOS,BOS,False,False,False,,,,,False,14,bearish,with_trend,2025-01-09T13:00:00+00:00,1,2025-01-09T13:00:00+00:00,SHORT,counter,13.7,False,4,solid,1.01,1.89,1.89,no_fvg,London,NY,True,False,OB only,False,"London Open: 02:00-05:00 America/New_York, New York (forex): 07:00-10:00 America/New_York"
T0056,BTCUSD,2025-01-13T11:00:00+00:00,2025-01-13T21:00:00+00:00,2025-01-14T01:00:00+00:00,London,bearish,BOS BOS,proximal,94145.6,94917.9,92959.83,,1.58,,sl,94917.9,-1.0,-1.0,-1.0,-250.0,True,,1.027,-1.122,4,-1,-1,7,premium,0.0,,7.0,3.0,1.0,2.0,1.0,0.0,"structure,sweep,fvg,freshness",False,h1_only,2025-01-13T04:00:00+00:00,BOS,BOS,True,True,False,,,,,False,11,bearish,with_trend,2025-01-13T10:00:00+00:00,1,2025-01-13T09:00:00+00:00,SHORT,aligned,61.3,False,1,marginal,1.31,1.5,1.5,fresh,Asia,Other,False,False,Neither,True,"London Open: 02:00-05:00 America/New_York, New York (forex): 07:00-10:00 America/New_York"
T0057,BTCUSD,2025-01-13T11:00:00+00:00,2025-01-13T22:00:00+00:00,2025-01-14T01:00:00+00:00,London,bearish,BOS BOS,50pct,94511.75,94917.9,92959.83,,4.019,,sl,94917.9,-1.0,-1.0,-1.0,-250.0,True,,1.01,-1.232,3,-1,-1,7,premium,0.0,,7.0,3.0,1.0,2.0,1.0,0.0,"structure,sweep,fvg,freshness",False,h1_only,2025-01-13T04:00:00+00:00,BOS,BOS,True,True,False,,,,,False,11,bearish,with_trend,2025-01-13T10:00:00+00:00,1,2025-01-13T09:00:00+00:00,SHORT,aligned,69.3,False,1,marginal,1.31,1.5,1.5,fresh,Asia,Other,False,False,Neither,True,"London Open: 02:00-05:00 America/New_York, New York (forex): 07:00-10:00 America/New_York"
T0058,BTCUSD,2025-01-14T04:00:00+00:00,,,Asia,bullish,BOS BOS,proximal,92249.9,91180.1,93825.3,,1.5,,never_filled,,0.0,0.0,0.0,0.0,False,never_filled,0.0,0.0,0,-1,-1,12,discount,0.0,,6.0,3.0,0.0,2.0,1.0,0.0,"structure,fvg,freshness",False,h1_only,2025-01-13T16:00:00+00:00,BOS,BOS,True,False,False,,,,,False,4,bullish,with_trend,2025-01-14T03:00:00+00:00,1,2025-01-13T20:00:00+00:00,LONG,aligned,47.0,False,2,marginal,0.48,1.23,1.23,fresh,NY,Asia,False,False,never_filled,True,"London Open: 02:00-05:00 America/New_York, New York (forex): 07:00-10:00 America/New_York"
T0059,BTCUSD,2025-01-14T04:00:00+00:00,,,Asia,bullish,BOS BOS,50pct,91735.0,91180.1,93825.3,,3.908,,never_filled,,0.0,0.0,0.0,0.0,False,never_filled,0.0,0.0,0,-1,-1,12,discount,0.0,,6.0,3.0,0.0,2.0,1.0,0.0,"structure,fvg,freshness",False,h1_only,2025-01-13T16:00:00+00:00,BOS,BOS,True,False,False,,,,,False,4,bullish,with_trend,2025-01-14T03:00:00+00:00,1,2025-01-13T20:00:00+00:00,LONG,aligned,39.5,False,2,marginal,0.48,1.23,1.23,fresh,NY,Asia,False,False,never_filled,True,"London Open: 02:00-05:00 America/New_York, New York (forex): 07:00-10:00 America/New_York"
T0060,BTCUSD,2025-01-14T10:00:00+00:00,,,London,bullish,CHoCH CHoCH,proximal,95133.0,94770.1,95822.0,,2.01,,never_filled,,0.0,0.0,0.0,0.0,False,never_filled,0.0,0.0,0,-1,-1,3,premium,1.0,True,8.0,4.0,0.0,2.0,1.0,1.0,"structure,fvg,freshness",False,h1_only,2025-01-14T07:00:00+00:00,CHoCH,CHoCH,True,False,False,,,,,False,10,bearish,against_trend,2025-01-14T09:00:00+00:00,1,2025-01-14T08:00:00+00:00,LONG,counter,73.4,False,0,solid,3.24,1.51,2.27,fresh,London,London,True,False,never_filled,True,"London Open: 02:00-05:00 America/New_York, New York (forex): 07:00-10:00 America/New_York"
T0061,BTCUSD,2025-01-14T10:00:00+00:00,,,London,bullish,CHoCH CHoCH,50pct,94971.55,94770.1,95822.0,,4.687,,never_filled,,0.0,0.0,0.0,0.0,False,never_filled,0.0,0.0,0,-1,-1,3,premium,1.0,True,8.0,4.0,0.0,2.0,1.0,1.0,"structure,fvg,freshness",False,h1_only,2025-01-14T07:00:00+00:00,CHoCH,CHoCH,True,False,False,,,,,False,10,bearish,against_trend,2025-01-14T09:00:00+00:00,1,2025-01-14T08:00:00+00:00,LONG,counter,71.5,False,0,solid,3.24,1.51,2.27,fresh,London,London,True,False,never_filled,True,"London Open: 02:00-05:00 America/New_York, New York (forex): 07:00-10:00 America/New_York"
T0062,BTCUSD,2025-01-15T14:00:00+00:00,,,NY,bullish,Confirmation BOS,proximal,96899.9,96443.0,97687.9,,1.8,,never_filled,,0.0,0.0,0.0,0.0,False,never_filled,0.0,0.0,0,-1,-1,3,premium,0.0,,6.2,4.0,1.22,0.0,1.0,0.0,"structure,sweep,freshness",False,h1_only,2025-01-15T11:00:00+00:00,BOS,Confirm,False,True,False,,,,,False,14,bullish,with_trend,2025-01-15T13:00:00+00:00,1,2025-01-15T13:00:00+00:00,LONG,counter,79.0,False,1,strong,2.29,2.96,2.96,no_fvg,London,NY,False,False,never_filled,False,"London Open: 02:00-05:00 America/New_York, New York (forex): 07:00-10:00 America/New_York"
T0063,BTCUSD,2025-01-15T14:00:00+00:00,,,NY,bullish,Confirmation BOS,50pct,96691.45,96443.0,97687.9,,4.362,,never_filled,,0.0,0.0,0.0,0.0,False,never_filled,0.0,0.0,0,-1,-1,3,premium,0.0,,6.2,4.0,1.22,0.0,1.0,0.0,"structure,sweep,freshness",False,h1_only,2025-01-15T11:00:00+00:00,BOS,Confirm,False,True,False,,,,,False,14,bullish,with_trend,2025-01-15T13:00:00+00:00,1,2025-01-15T13:00:00+00:00,LONG,counter,76.9,False,1,strong,2.29,2.96,2.96,no_fvg,London,NY,False,False,never_filled,False,"London Open: 02:00-05:00 America/New_York, New York (forex): 07:00-10:00 America/New_York"
T0064,BTCUSD,2025-01-16T15:00:00+00:00,2025-01-16T16:00:00+00:00,2025-01-16T16:00:00+00:00,NY,bearish,CHoCH CHoCH,proximal,98840.0,99519.5,97745.73,,1.66,,sl,99519.5,-1.0,-1.0,-1.0,-250.0,True,,0.0,-1.482,0,-1,-1,3,premium,1.0,True,6.0,4.0,0.0,0.0,1.0,1.0,"structure,freshness",False,h1_only,2025-01-16T12:00:00+00:00,CHoCH,CHoCH,False,False,False,,,,,False,15,bullish,against_trend,2025-01-16T14:00:00+00:00,1,2025-01-16T14:00:00+00:00,SHORT,aligned,83.0,False,0,marginal,2.39,1.5,2.25,no_fvg,London,NY,True,False,OB only,True,"London Open: 02:00-05:00 America/New_York, New York (forex): 07:00-10:00 America/New_York"
T0065,BTCUSD,2025-01-16T15:00:00+00:00,2025-01-16T16:00:00+00:00,2025-01-16T16:00:00+00:00,NY,bearish,CHoCH CHoCH,50pct,99159.75,99519.5,97745.73,,4.162,,sl,99519.5,-1.0,-1.0,-1.0,-250.0,True,,0.377,-1.91,0,-1,-1,3,premium,1.0,True,6.0,4.0,0.0,0.0,1.0,1.0,"structure,freshness",False,h1_only,2025-01-16T12:00:00+00:00,CHoCH,CHoCH,False,False,False,,,,,False,15,bullish,against_trend,2025-01-16T14:00:00+00:00,1,2025-01-16T14:00:00+00:00,SHORT,aligned,85.7,False,0,marginal,2.39,1.5,2.25,no_fvg,London,NY,True,False,OB only,True,"London Open: 02:00-05:00 America/New_York, New York (forex): 07:00-10:00 America/New_York"
T0066,BTCUSD,2025-01-20T08:00:00+00:00,2025-01-20T17:00:00+00:00,2025-01-21T00:00:00+00:00,London,bullish,BOS BOS,proximal,101636.7,99461.0,104959.3,,1.54,,sl,101636.7,0.0,1.54,1.025,0.0,True,,2.369,-0.495,7,21,-1,8,discount,0.0,,6.0,3.0,0.0,2.0,1.0,0.0,"structure,fvg,freshness",False,h1_only,2025-01-20T00:00:00+00:00,BOS,BOS,True,False,False,,,,,False,8,bullish,with_trend,2025-01-20T07:00:00+00:00,1,2025-01-20T06:00:00+00:00,LONG,aligned,-7.4,False,3,solid,0.54,2.37,2.37,fresh,Asia,NY,False,False,Neither,False,"London Open: 02:00-05:00 America/New_York, New York (forex): 07:00-10:00 America/New_York"
T0067,BTCUSD,2025-01-20T08:00:00+00:00,2025-01-20T17:00:00+00:00,2025-01-21T01:00:00+00:00,London,bullish,BOS BOS,50pct,100568.85,99461.0,104959.3,,4.036,,sl,100568.85,0.0,4.036,2.977,0.0,True,,5.616,-0.426,8,21,-1,8,discount,0.0,,6.0,3.0,0.0,2.0,1.0,0.0,"structure,fvg,freshness",False,h1_only,2025-01-20T00:00:00+00:00,BOS,BOS,True,False,False,,,,,False,8,bullish,with_trend,2025-01-20T07:00:00+00:00,1,2025-01-20T06:00:00+00:00,LONG,aligned,-21.2,False,3,solid,0.54,2.37,2.37,fresh,Asia,NY,False,False,Neither,False,"London Open: 02:00-05:00 America/New_York, New York (forex): 07:00-10:00 America/New_York"
T0068,BTCUSD,2025-01-21T10:00:00+00:00,2025-01-21T18:00:00+00:00,2025-01-22T13:00:00+00:00,London,bearish,CHoCH CHoCH,proximal,106694.1,108211.4,104390.14,,1.54,,tp1,104390.14,1.518,1.54,0.0,379.5,True,,1.912,-0.353,19,19,-1,21,premium,1.0,True,6.0,4.0,0.0,0.0,1.0,1.0,"structure,freshness",False,h1_only,2025-01-20T13:00:00+00:00,CHoCH,CHoCH,False,False,False,,,,,False,10,bearish,with_trend,2025-01-21T09:00:00+00:00,1,2025-01-20T17:00:00+00:00,SHORT,aligned,66.7,False,0,solid,1.05,1.78,2.68,no_fvg,NY,NY,True,False,OB only,True,"London Open: 02:00-05:00 America/New_York, New York (forex): 07:00-10:00 America/New_York"
T0069,BTCUSD,2025-01-21T10:00:00+00:00,,,London,bearish,CHoCH CHoCH,50pct,107432.75,108211.4,104390.14,,4.011,,never_filled,,0.0,0.0,0.0,0.0,False,never_filled,0.0,0.0,0,-1,-1,21,premium,1.0,True,6.0,4.0,0.0,0.0,1.0,1.0,"structure,freshness",False,h1_only,2025-01-20T13:00:00+00:00,CHoCH,CHoCH,False,False,False,,,,,False,10,bearish,with_trend,2025-01-21T09:00:00+00:00,1,2025-01-20T17:00:00+00:00,SHORT,aligned,74.2,False,0,solid,1.05,1.78,2.68,no_fvg,NY,London,True,False,never_filled,True,"London Open: 02:00-05:00 America/New_York, New York (forex): 07:00-10:00 America/New_York"
T0070,BTCUSD,2025-01-21T15:00:00+00:00,2025-01-23T02:00:00+00:00,2025-01-23T04:00:00+00:00,NY,bullish,Confirmation BOS,proximal,102462.9,101776.4,103481.17,,1.53,,sl,101776.4,-1.0,-1.0,-1.0,-250.0,True,,0.734,-1.327,2,-1,-1,8,discount,0.0,,7.7,4.0,1.67,0.0,1.0,1.0,"structure,sweep,freshness",False,h1_only,2025-01-21T07:00:00+00:00,BOS,Confirm,False,True,False,,,,,False,15,bullish,with_trend,2025-01-21T14:00:00+00:00,1,2025-01-21T13:00:00+00:00,LONG,aligned,23.9,False,1,marginal,0.99,1.0,1.0,fresh,London,Asia,True,False,OB only,True,"London Open: 02:00-05:00 America/New_York, New York (forex): 07:00-10:00 America/New_York"
T0071,BTCUSD,2025-01-21T15:00:00+00:00,2025-01-23T02:00:00+00:00,2025-01-23T04:00:00+00:00,NY,bullish,Confirmation BOS,50pct,102139.65,101776.4,103481.17,,3.908,,sl,102139.65,0.0,-1.0,-1.0,0.0,True,,2.278,-1.618,2,-1,-1,8,discount,0.0,,7.7,4.0,1.67,0.0,1.0,1.0,"structure,sweep,freshness",False,h1_only,2025-01-21T07:00:00+00:00,BOS,Confirm,False,True,False,,,,,False,15,bullish,with_trend,2025-01-21T14:00:00+00:00,1,2025-01-21T13:00:00+00:00,LONG,aligned,20.7,False,1,marginal,0.99,1.0,1.0,fresh,London,Asia,True,False,OB only,True,"London Open: 02:00-05:00 America/New_York, New York (forex): 07:00-10:00 America/New_York"
T0072,BTCUSD,2025-01-22T14:00:00+00:00,2025-01-22T15:00:00+00:00,2025-01-22T16:00:00+00:00,NY,bearish,CHoCH CHoCH,proximal,105030.8,105596.0,104167.28,,1.58,,tp1,104167.28,1.528,1.58,0.0,382.0,True,,3.106,-0.181,1,1,-1,2,premium,1.0,True,6.0,4.0,0.0,0.0,1.0,1.0,"structure,freshness",False,h1_only,2025-01-22T12:00:00+00:00,CHoCH,CHoCH,False,False,False,,,,,False,14,bullish,against_trend,2025-01-22T13:00:00+00:00,1,2025-01-22T13:00:00+00:00,SHORT,aligned,69.2,False,0,marginal,2.07,1.21,1.81,no_fvg,London,NY,True,False,OB only,False,"London Open: 02:00-05:00 America/New_York, New York (forex): 07:00-10:00 America/New_York"
T0073,BTCUSD,2025-01-22T14:00:00+00:00,2025-01-23T14:00:00+00:00,2025-01-23T14:00:00+00:00,NY,bearish,CHoCH CHoCH,50pct,105293.4,105596.0,104167.28,,3.985,,sl,105596.0,-1.0,-1.0,-1.0,-250.0,True,,11.069,-2.328,0,-1,-1,2,premium,1.0,True,6.0,4.0,0.0,0.0,1.0,1.0,"structure,freshness",False,h1_only,2025-01-22T12:00:00+00:00,CHoCH,CHoCH,False,False,False,,,,,False,14,bullish,against_trend,2025-01-22T13:00:00+00:00,1,2025-01-22T13:00:00+00:00,SHORT,aligned,72.9,False,0,marginal,2.07,1.21,1.81,no_fvg,London,NY,True,True,Both,False,"London Open: 02:00-05:00 America/New_York, New York (forex): 07:00-10:00 America/New_York"
T0074,BTCUSD,2025-01-23T15:00:00+00:00,,,NY,bearish,CHoCH CHoCH,proximal,107801.0,108619.4,105424.0,,2.98,,never_filled,,0.0,0.0,0.0,0.0,False,never_filled,0.0,0.0,0,-1,-1,76,premium,1.0,True,6.0,4.0,0.0,1.0,1.0,0.0,"structure,fvg,freshness",False,h1_only,2025-01-20T11:00:00+00:00,CHoCH,CHoCH,True,False,False,,,,,False,15,bullish,against_trend,2025-01-23T14:00:00+00:00,1,2025-01-20T17:00:00+00:00,SHORT,aligned,122.3,False,0,strong,2.09,3.56,5.33,fresh,London,NY,False,False,never_filled,True,"London Open: 02:00-05:00 America/New_York, New York (forex): 07:00-10:00 America/New_York"
T0075,BTCUSD,2025-01-23T15:00:00+00:00,,,NY,bearish,CHoCH CHoCH,50pct,108190.2,108619.4,105424.0,,6.76,,never_filled,,0.0,0.0,0.0,0.0,False,never_filled,0.0,0.0,0,-1,-1,76,premium,1.0,True,6.0,4.0,0.0,1.0,1.0,0.0,"structure,fvg,freshness",False,h1_only,2025-01-20T11:00:00+00:00,CHoCH,CHoCH,True,False,False,,,,,False,15,bullish,against_trend,2025-01-23T14:00:00+00:00,1,2025-01-20T17:00:00+00:00,SHORT,aligned,137.5,False,0,strong,2.09,3.56,5.33,fresh,London,NY,False,False,never_filled,True,"London Open: 02:00-05:00 America/New_York, New York (forex): 07:00-10:00 America/New_York"
T0076,BTCUSD,2025-01-23T16:00:00+00:00,,,NY,bullish,Confirmation BOS,proximal,102093.6,101340.7,103276.9,,1.61,,never_filled,,0.0,0.0,0.0,0.0,False,never_filled,0.0,0.0,0,-1,-1,4,discount,0.0,,7.7,4.0,1.67,0.0,1.0,1.0,"structure,sweep,freshness",False,h1_only,2025-01-23T12:00:00+00:00,BOS,Confirm,False,True,False,,,,,False,16,bullish,with_trend,2025-01-23T15:00:00+00:00,1,2025-01-23T14:00:00+00:00,LONG,aligned,14.7,False,1,solid,1.49,2.16,2.16,no_fvg,London,NY,True,False,never_filled,True,"London Open: 02:00-05:00 America/New_York, New York (forex): 07:00-10:00 America/New_York"
T0077,BTCUSD,2025-01-23T16:00:00+00:00,,,NY,bullish,Confirmation BOS,50pct,101737.15,101340.7,103276.9,,4.09,,never_filled,,0.0,0.0,0.0,0.0,False,never_filled,0.0,0.0,0,-1,-1,4,discount,0.0,,7.7,4.0,1.67,0.0,1.0,1.0,"structure,sweep,freshness",False,h1_only,2025-01-23T12:00:00+00:00,BOS,Confirm,False,True,False,,,,,False,16,bullish,with_trend,2025-01-23T15:00:00+00:00,1,2025-01-23T14:00:00+00:00,LONG,aligned,8.7,False,1,solid,1.49,2.16,2.16,no_fvg,London,NY,True,False,never_filled,True,"London Open: 02:00-05:00 America/New_York, New York (forex): 07:00-10:00 America/New_York"
T0078,BTCUSD,2025-01-27T08:00:00+00:00,2025-01-27T12:00:00+00:00,2025-01-27T14:00:00+00:00,London,bearish,Confirmation BOS,proximal,100651.6,101856.4,98760.0,,1.6,,sl,101856.4,-1.0,-1.0,-1.0,-250.0,True,,1.648,-1.341,2,-1,-1,5,discount,0.0,,8.8,4.0,1.83,2.0,1.0,0.0,"structure,sweep,fvg,freshness",False,h1_only,2025-01-27T03:00:00+00:00,BOS,Confirm,True,True,False,,,,,False,8,bearish,with_trend,2025-01-27T07:00:00+00:00,1,2025-01-27T05:00:00+00:00,SHORT,counter,37.6,False,1,marginal,1.84,1.4,1.4,fresh,Asia,London,False,True,Fill only,False,"London Open: 02:00-05:00 America/New_York, New York (forex): 07:00-10:00 America/New_York"
T0079,BTCUSD,2025-01-27T08:00:00+00:00,2025-01-27T13:00:00+00:00,2025-01-27T14:00:00+00:00,London,bearish,Confirmation BOS,50pct,101234.0,101856.4,98760.0,,4.107,,sl,101856.4,-1.0,-1.0,-1.0,-250.0,True,,2.034,-1.66,1,-1,-1,5,discount,0.0,,8.8,4.0,1.83,2.0,1.0,0.0,"structure,sweep,fvg,freshness",False,h1_only,2025-01-27T03:00:00+00:00,BOS,Confirm,True,True,False,,,,,False,8,bearish,with_trend,2025-01-27T07:00:00+00:00,1,2025-01-27T05:00:00+00:00,SHORT,counter,45.1,False,1,marginal,1.84,1.4,1.4,fresh,Asia,NY,False,True,Fill only,False,"London Open: 02:00-05:00 America/New_York, New York (forex): 07:00-10:00 America/New_York"
T0080,BTCUSD,2025-01-30T15:00:00+00:00,2025-01-30T17:00:00+00:00,2025-01-30T18:00:00+00:00,NY,bullish,CHoCH CHoCH,proximal,105279.1,104773.8,106376.5,,2.26,,sl,104773.8,-1.0,-1.0,-1.0,-250.0,True,,0.748,-1.138,1,-1,-1,3,premium,0.0,False,5.7,3.0,1.22,0.0,0.5,1.0,"structure,sweep,freshness",False,h1_only,2025-01-30T12:00:00+00:00,CHoCH,CHoCH,False,True,False,,,,,False,15,bearish,against_trend,2025-01-30T14:00:00+00:00,1,2025-01-30T13:00:00+00:00,LONG,counter,80.8,False,0,marginal,3.35,1.14,1.71,no_fvg,London,NY,True,False,OB only,True,"London Open: 02:00-05:00 America/New_York, New York (forex): 07:00-10:00 America/New_York"
T0081,BTCUSD,2025-01-30T15:00:00+00:00,2025-01-30T17:00:00+00:00,2025-01-30T18:00:00+00:00,NY,bullish,CHoCH CHoCH,50pct,105046.45,104773.8,106376.5,,5.264,,sl,104773.8,-1.0,-1.0,-1.0,-250.0,True,,2.24,-1.256,1,-1,-1,3,premium,0.0,False,5.7,3.0,1.22,0.0,0.5,1.0,"structure,sweep,freshness",False,h1_only,2025-01-30T12:00:00+00:00,CHoCH,CHoCH,False,True,False,,,,,False,15,bearish,against_trend,2025-01-30T14:00:00+00:00,1,2025-01-30T13:00:00+00:00,LONG,counter,76.0,False,0,marginal,3.35,1.14,1.71,no_fvg,London,NY,True,False,OB only,True,"London Open: 02:00-05:00 America/New_York, New York (forex): 07:00-10:00 America/New_York"
